key,channels,anchors,lines,order_req,order_before,order_after,miss_before,miss_after,miss_out_before,miss_out_after,worst_before,worst_after
AS1Pro_Ra226,8192,12,14,4,4,4,57.5631,57.5631,6.0821,6.0821,38.4998,38.4998
AS80_Cs137_0cm,8192,8,10,4,4,4,59.3836,59.3836,0.7751,0.7751,30.7553,30.7553
AS80_K40,8192,11,13,4,4,2,213.3407,245.9903,3.8430,33.4129,84.6140,72.3048
AS80_Lu176,8192,6,7,4,4,3,601.7060,29.7211,599.2022,17.2958,598.6492,13.5560
AS80_Onyx,8192,10,11,4,4,2,128.4940,186.8244,46.7256,58.2133,42.2676,46.1185
AS80_Th232Medal,8192,12,13,4,4,2,116.7472,196.6451,5.1184,11.6631,72.5083,57.9404
AS80_Th232WT20,8192,13,14,4,4,4,85.9687,85.9687,0.0775,0.0775,28.9230,28.9230
ASN16_Am241,8192,8,10,4,4,4,101.7788,101.7788,0.2702,0.2702,47.2689,47.2689
ASN16_BrazilNuts,8192,11,11,4,4,4,26.9517,26.9517,0.9887,0.9887,7.6649,7.6649
ASN16_Charoite_v2,8192,13,16,4,4,4,42.7905,42.7905,2.0924,2.0924,22.2007,22.2007
ASN16_Cs137,8192,6,6,4,4,4,15.9879,15.9879,0.7862,0.7862,5.7757,5.7757
ASN16_Cs137_10cm,8192,3,4,2,2,2,48.4563,48.4563,13.3521,13.3521,35.0313,35.0313
ASN16_Lu176,8192,5,7,4,4,2,138.5085,86.0609,0.0000,0.0000,106.0223,49.4636
ASN16_Lu176_P0,8192,4,5,3,3,1,31.7903,32.1774,0.1096,1.0983,31.6374,28.8535
ASN16_Th232_Am241,8192,13,14,4,4,4,129.1382,129.1382,4.0313,4.0313,86.0576,86.0576
ASN3_Tile,2500,10,12,4,4,3,236.9208,114.8850,176.2698,54.7953,154.0859,45.3125
ASN8_Am241,8192,3,5,2,2,2,71.8114,71.8114,55.9398,55.9398,55.9398,55.9398
ASN8_Th232_1024,1024,11,11,4,4,4,27.3012,27.3012,0.0000,0.0000,6.7242,6.7242
ASN8_Th232_2048,2048,10,11,4,4,4,43.0312,43.0312,4.5309,4.5309,10.3402,10.3402
ASN8_Th232_3000,3000,10,11,4,4,4,50.9747,50.9747,0.4485,0.4485,11.9931,11.9931
ASN8_Th232_4096,4096,10,11,4,4,4,45.6909,45.6909,0.0000,0.0000,11.2475,11.2475
ASN8_Th232_8192,8192,10,11,4,4,4,41.4798,41.4798,3.8431,3.8431,12.2754,12.2754
ASN8_UGlass,8192,5,6,4,4,4,89.2130,89.2130,0.0307,0.0307,85.4368,85.4368
G1S16_Am241_P25,1024,3,5,2,2,2,122.5591,122.5591,0.0000,0.0000,58.9591,58.9591
G1S16_Ba133_P25,1024,3,4,2,2,1,39.7230,17.8899,4.6017,0.9204,28.5295,16.2823
G1S16_Ba133_P5,1024,4,5,3,3,2,55.2417,26.1334,0.0000,0.0000,39.7947,22.5418
G1S16_Cd109_P25,1024,3,4,2,2,2,48.1890,48.1890,0.3943,0.3943,46.1907,46.1907
G1S16_Cd109_P5,1024,2,4,1,1,1,78.2865,78.2865,0.0758,0.0758,54.3482,54.3482
G1S16_Ce139_P25,1024,3,4,2,2,2,47.6036,47.6036,45.0336,45.0336,44.7277,44.7277
G1S16_Ce139_P5,1024,3,4,2,2,2,79.7070,79.7070,77.9528,77.9528,77.9528,77.9528
G1S16_Co60_P25,1024,4,7,3,3,3,65.5907,65.5907,12.5816,12.5816,46.7251,46.7251
G1S16_Co60_P5,1024,5,7,4,4,4,170.4931,170.4931,109.5057,109.5057,93.6900,93.6900
G1S16_Cs137_Mar,1024,3,3,2,2,2,15.0310,15.0310,14.8017,14.8017,13.6058,13.6058
G1S16_Cs137_P25,1024,4,4,3,3,3,3.8652,3.8652,1.1071,1.1071,1.3963,1.3963
G1S16_Cs137_P5,1024,3,5,2,2,2,114.9273,114.9273,64.2231,64.2231,64.2231,64.2231
G1S16_Eu152_P25,1024,10,12,4,4,4,65.2533,65.2533,1.9900,1.9900,20.0375,20.0375
G1S16_Eu152_P5,1024,8,11,4,4,3,107.5513,113.8354,50.8661,54.7522,50.3271,53.7794
G1S16_K40_Mar,1024,3,4,2,2,1,116.0450,157.6725,0.9251,13.0934,113.4163,94.5023
G1S16_K40_Mar_2,1024,3,5,2,2,1,189.1445,198.3595,0.0000,0.0000,150.1786,122.1500
G1S16_Mix_Denta100,1024,10,10,4,4,3,19.8351,19.0121,0.0000,0.0000,5.2324,5.1855
G1S16_Mix_Mar,1024,11,12,4,4,3,30.0636,27.7306,0.0000,0.0000,5.6605,6.0149
G1S16_Mix_Petri,1024,11,12,4,4,3,60.8073,55.7772,0.0000,0.0000,18.6938,17.5347
G1S16_Mn54_P25,1024,4,5,3,3,3,62.0572,62.0572,0.0000,0.0000,59.8453,59.8453
G1S16_Mn54_P5,1024,5,5,4,4,2,19.7356,18.7517,0.0000,0.0000,11.5968,7.6585
G1S16_Na22_P25,1024,3,3,2,2,2,2.2811,2.2811,0.2987,0.2987,1.0486,1.0486
G1S16_Na22_P5,1024,5,9,4,4,4,192.7055,192.7055,0.8684,0.8684,65.0676,65.0676
G1S16_Ra226_Mar,1024,12,12,4,4,4,17.1769,17.1769,0.1744,0.1744,3.0740,3.0740
G1S16_Ra226_Mar_2,1024,12,12,4,4,4,11.4821,11.4821,0.0000,0.0000,3.1182,3.1182
G1S16_Th228_P25,1024,7,9,4,4,4,43.6456,43.6456,0.0000,0.0000,30.1675,30.1675
G1S16_Th228_P5,1024,6,8,4,4,3,162.5360,89.2315,0.0000,0.0000,145.8411,70.3046
G1S16_Th232_Denta100,1024,8,9,4,4,4,109.2216,109.2216,1.3029,1.3029,91.4804,91.4804
G1S16_Th232_Mar,1024,9,12,4,4,3,316.4091,148.2831,0.0000,0.0000,247.2176,68.8064
G1S16_Th232_Mar_2,1024,9,11,4,4,2,6137.2941,119.2263,6090.5178,76.5796,6090.0018,72.6502
G1S16_Th232_Mar_3,1024,10,11,4,4,4,116.2891,116.2891,0.0756,0.0756,97.4191,97.4191
G1S16_Th232_Petri,1024,7,9,4,4,4,45.5712,45.5712,2.0174,2.0174,34.5034,34.5034
G1S16_Y88_P25,1024,7,9,4,4,4,86.7116,86.7116,9.9229,9.9229,64.0871,64.0871
G1S16_Y88_P5,1024,4,5,3,3,2,42.8607,38.0685,40.6066,22.3574,38.9091,15.0040
G1S24_Am241_P5,1024,2,5,1,1,1,84.4079,84.4079,1.1383,1.1383,55.5013,55.5013
G1S24_Ba133_P5,1024,4,5,3,3,2,46.8141,58.2869,0.7143,2.0987,44.4992,46.7813
G1S24_Bi207_P5,1024,5,6,4,4,3,47.3571,51.3458,1.5361,0.8367,42.8122,42.6399
G1S24_Cd109_P5,1024,2,4,1,1,1,70.2970,70.2970,69.1071,69.1071,41.6330,41.6330
G1S24_Co60_P5,1024,7,7,4,4,4,8.7020,8.7020,1.3471,1.3471,3.4754,3.4754
G1S24_Cs137_Denta120,1024,2,4,1,1,1,64.3076,64.3076,63.9013,63.9013,35.5477,35.5477
G1S24_Cs137_Denta120_2,1024,4,5,3,3,3,41.5839,41.5839,0.7561,0.7561,39.2573,39.2573
G1S24_Cs137_Mar,1024,3,2,2,2,2,7.3169,7.3169,0.0000,0.0000,5.0927,5.0927
G1S24_Cs137_Mar_2,1024,4,6,3,3,3,106.0918,106.0918,10.7134,10.7134,58.1095,58.1095
G1S24_Cs137_P25,1024,5,6,4,4,4,93.7838,93.7838,0.3854,0.3854,90.9948,90.9948
G1S24_Cs137_P5,1024,3,3,2,2,2,11.0372,11.0372,9.5662,9.5662,9.5662,9.5662
G1S24_Cs137_Petri,1024,3,5,2,2,2,109.8354,109.8354,45.9745,45.9745,63.1304,63.1304
G1S24_Cs137_Petri_2,1024,4,6,3,3,3,101.8140,101.8140,2.2479,2.2479,68.0367,68.0367
G1S24_Eu152_P5,1024,8,11,4,4,3,127.8907,143.6502,66.5424,76.8804,65.4766,76.8506
G1S24_K40_Denta120,1024,6,7,4,4,4,28.5271,28.5271,1.1013,1.1013,9.0287,9.0287
G1S24_K40_Denta120_2,1024,4,7,3,3,3,209.8908,209.8908,0.6760,0.6760,133.2856,133.2856
G1S24_K40_Mar,1024,4,7,3,3,3,116.7085,116.7085,31.7895,31.7895,53.2029,53.2029
G1S24_K40_Mar_2,1024,2,3,1,1,1,65.2871,65.2871,65.2871,65.2871,62.9414,62.9414
G1S24_K40_Petri,1024,5,8,4,4,4,177.8287,177.8287,1.0229,1.0229,133.4417,133.4417
G1S24_K40_Petri_2,1024,2,5,1,1,1,140.6979,140.6979,139.8214,139.8214,84.0380,84.0380
G1S24_Na22_P25,1024,5,4,4,4,2,2.4035,35.0604,0.0000,0.0000,0.9609,11.6156
G1S24_Na22_P5,1024,5,7,4,4,4,63.9066,63.9066,0.0000,0.0000,33.7721,33.7721
G1S24_Ra226_Denta120,1024,14,14,4,4,4,35.2463,35.2463,3.3643,3.3643,7.8373,7.8373
G1S24_Ra226_Denta120_2,1024,11,13,4,4,4,40.8595,40.8595,5.0359,5.0359,13.7595,13.7595
G1S24_Ra226_Mar,1024,12,13,4,4,4,28.3467,28.3467,0.1883,0.1883,13.6101,13.6101
G1S24_Ra226_Mar_2,1024,13,14,4,4,4,40.2996,40.2996,6.1045,6.1045,15.3013,15.3013
G1S24_Ra226_Petri,1024,10,12,4,4,4,27.7818,27.7818,0.6615,0.6615,18.1033,18.1033
G1S24_Ra226_Petri_2,1024,14,15,4,4,4,34.4958,34.4958,1.3216,1.3216,6.3065,6.3065
G1S24_Th228_P25,1024,9,9,4,4,4,56.9725,56.9725,0.0830,0.0830,32.8216,32.8216
G1S24_Th228_P5,1024,9,9,4,4,4,15.9941,15.9941,0.0000,0.0000,4.4961,4.4961
G1S24_Th232_Denta120,1024,7,8,4,4,3,594.9189,108.3908,3.4792,0.9903,571.8696,82.9636
G1S24_Th232_Denta120_2,1024,11,12,4,4,4,64.5647,64.5647,0.0000,0.0000,37.2679,37.2679
G1S24_Th232_Mar,1024,9,10,4,4,3,165.9647,99.6074,1.5779,1.0151,140.8557,70.4339
G1S24_Th232_Mar_2,1024,9,10,4,4,4,26.0835,26.0835,0.0000,0.0000,8.1563,8.1563
G1S24_Th232_Petri,1024,11,11,4,4,4,55.2531,55.2531,0.0000,0.0000,14.3762,14.3762
G1S24_Th232_Petri_2,1024,10,11,4,4,4,44.4159,44.4159,0.7070,0.7070,16.1222,16.1222
G1S24_Y88_P25,1024,6,7,4,4,3,58.1553,60.4628,0.0000,0.0000,42.1766,40.4500
G1S24_Y88_P5,1024,5,5,4,4,3,38.7233,57.6747,0.6142,2.9344,36.6879,34.5096
G1S24_Zn65_P5,1024,3,3,2,2,1,1.1969,18.7592,0.8449,2.4781,0.8449,9.9110
GS4000_Lu176,4000,4,6,3,3,1,708.1631,102.5180,675.0939,69.6281,675.0939,69.6281
GS4000_Ra226,4000,11,12,4,4,3,24.7725,99.7760,11.2202,73.1353,11.2202,73.1353
GS4000_Th232,4000,8,9,4,4,2,40.6042,52.1930,25.9448,24.7122,25.9448,24.7122
GS4000_U,4000,7,8,4,4,3,1499.1307,164.7250,1373.8186,37.5734,1372.8450,64.1417
HPGE_Uranium,16384,15,18,4,4,4,5.5264,5.5264,0.2093,0.2093,1.6495,1.6495
HPGeGEM_K40,8192,2,3,1,1,1,1.2017,1.2017,0.2448,0.2448,0.9569,0.9569
HPGeGEM_Ra226,8192,12,13,4,4,4,1.7759,1.7759,0.0252,0.0252,1.0213,1.0213
HPGeGEM_Th232,8192,17,18,4,4,4,2.4476,2.4476,0.1964,0.1964,1.7515,1.7515
HPGeGMX_Background,8192,11,12,4,4,4,1.8681,1.8681,0.1426,0.1426,0.9960,0.9960
HPGeGMX_Eu152,8192,7,11,4,4,4,13.6103,13.6103,12.7202,12.7202,6.7774,6.7774
HPGeGMX_Th228,8192,6,8,4,4,4,3.3361,3.3361,3.0573,3.0573,1.6948,1.6948
HPGeGMX_Th232,8192,13,16,4,4,4,3.5233,3.5233,0.1262,0.1262,1.6737,1.6737
LaBrBril_Eu152,1024,13,14,4,4,3,38.8886,41.4893,0.1470,2.5861,13.9457,14.6832
LaBrBril_Th228,1024,11,11,4,4,4,16.0542,16.0542,0.3612,0.3612,4.2383,4.2383
OBS_UGlass,1024,3,7,2,2,2,441.5640,441.5640,307.0164,307.0164,305.9460,305.9460
RC101_I131,1024,2,3,1,1,1,38.4662,38.4662,36.0648,36.0648,36.0648,36.0648
RC103_Charoite,1024,5,6,4,4,3,9.4776,4.7522,1.0163,0.7331,6.3785,1.4042
RC103_Cs137_0cm,1024,2,2,1,1,1,1.7531,1.7531,0.0000,0.0000,0.9343,0.9343
RC103_K40Village,1024,2,3,1,1,1,46.5697,46.5697,0.0000,0.0000,45.1051,45.1051
RC103_Lu176,1024,4,4,3,3,1,3.0698,6.3314,0.0000,0.0000,0.8860,2.5251
RC103_Th232Village,1024,4,6,3,3,3,184.2481,184.2481,1.3156,1.3156,104.9985,104.9985
RC103_Th232WT20,1024,6,9,4,4,3,283.9160,161.8369,0.0000,0.0000,266.9684,144.0274
