spectrum,det,n,corpus_mode,mode_a,mode_b,d_max_kev,d_max_fwhm,ch_max,e_at_max,d_work_kev,d_work_fwhm,d_below_lowest_fwhm,e_lo,e_hi,n_b,e_lo_b,fam_lo_b
AS1Pro_Ra226,AS1PRO,12,affine,poly2,poly2,0.0,0.0,0,-9.5,0.0,0.0,0.0,47.9,1759.0,12,47.9,0.0
AS80_Cs137_0cm,AS80x80,8,affine,affine/robust/grp,fam(AS80_Th232Medal)/affine,5.661,0.199,8191,2827.0,5.599,0.074,0.199,198.1,2614.5,8,198.1,198.1
AS80_K40,AS80x80,11,affine/grp,affine/robust,affine/robust,0.0,0.0,0,-0.5,0.0,0.0,0.0,239.3,2614.5,11,239.3,0.0
AS80_Lu176,AS80x80,6,stored/robust/grp,stored/robust/grp,stored/robust/grp,0.0,0.0,0,-7.6,0.0,0.0,0.0,88.3,1764.5,6,88.3,0.0
AS80_Onyx,AS80x80,10,stored/grp,stored/grp,fam(AS80_Th232Medal)/affine,9.814,1.091,8191,2788.5,9.814,0.429,1.091,239.0,2614.5,10,239.0,198.1
AS80_Th232Medal,AS80x80,12,gain/robust,gain/robust/grp,fam(AS80_Th232Medal)/gain,9.447,0.109,8191,2867.7,9.224,0.108,0.031,238.4,2614.5,12,238.4,198.1
AS80_Th232WT20,AS80x80,13,affine/robust/grp,affine/robust,affine/robust,0.0,0.0,0,-6.9,0.0,0.0,0.0,60.3,2614.5,13,60.3,0.0
ASN16_Am241,ASN16,8,affine/grp,affine/grp,affine/grp,0.0,0.0,0,-7.1,0.0,0.0,0.0,59.5,2614.5,8,59.5,0.0
ASN16_BrazilNuts,ASN16,11,stored/grp,stored/grp,stored/grp,0.0,0.0,0,-4.2,0.0,0.0,0.0,47.9,2614.5,11,47.9,0.0
ASN16_Charoite_v2,ASN16,13,affine/robust,affine/grp,fam(ASN16_Charoite_v2)/gain,1.8,0.344,8191,3337.1,1.314,0.137,0.344,186.8,2614.5,13,186.8,88.3
ASN16_Cs137,ASN16,6,affine/grp,affine,fam(ASN16_Charoite_v2)/affine,2.7,0.103,8191,3354.1,2.314,0.044,0.103,186.2,2614.5,6,186.2,88.3
ASN16_Cs137_10cm,ASN16,3,affine/grp,gain/grp,fam(ASN16_Charoite_v2)/affine,39.947,2.579,8191,3343.1,31.633,1.002,2.579,186.2,1460.8,3,186.2,88.3
ASN16_Lu176,ASN16,5,stored/grp,stored/grp,stored/grp,0.0,0.0,0,-4.8,0.0,0.0,0.0,88.3,1460.8,5,88.3,0.0
ASN16_Lu176_P0,ASN16,4,poly1,stored/grp,fam(ASN16_Charoite_v2)/poly1,168.563,2.088,8191,3310.6,136.572,1.839,0.674,88.3,511.0,4,88.3,88.3
ASN16_Th232_Am241,ASN16,13,stored/grp,stored/grp,stored/grp,0.0,0.0,0,-5.2,0.0,0.0,0.0,59.5,2614.5,13,59.5,0.0
ASN3_Tile,ASN3,10,stored/robust/grp,stored/grp,stored/grp,0.0,0.0,0,-4.2,0.0,0.0,0.0,186.2,1594.8,10,186.2,0.0
ASN8_Am241,ASN8_8192,3,gain,affine/grp,fam(ASN8_Th232_8192)/affine,5.942,0.051,8191,3270.4,5.063,0.047,0.039,59.5,1460.8,3,59.5,50.3
ASN8_Th232_1024,ASN8_1024,11,affine,gain,gain,0.0,0.0,0,-9.8,0.0,0.0,0.0,238.9,2614.5,11,238.9,0.0
ASN8_Th232_2048,ASN8_2048,10,stored/grp,stored/grp,stored/grp,0.0,0.0,0,-9.1,0.0,0.0,0.0,238.4,2614.5,10,238.4,0.0
ASN8_Th232_3000,ASN8_3000,10,stored/grp,stored/grp,stored/grp,0.0,0.0,0,-8.7,0.0,0.0,0.0,238.4,2614.5,10,238.4,0.0
ASN8_Th232_4096,ASN8_4096,10,stored/grp,stored/grp,stored/grp,0.0,0.0,0,-9.0,0.0,0.0,0.0,238.4,2614.5,10,238.4,0.0
ASN8_Th232_8192,ASN8_8192,10,stored/grp,stored/grp,fam(ASN8_Th232_8192),0.0,0.0,0,-9.4,0.0,0.0,0.0,238.4,2614.5,10,238.4,50.3
ASN8_UGlass,ASN8_8192,5,affine,affine/grp,fam(ASN8_Th232_8192)/affine,9.501,0.136,8191,3286.5,8.0,0.07,0.136,50.3,2614.5,5,50.3,50.3
G1S16_Am241_P25,G1S16,3,stored,affine/grp,fam(G1S16_Eu152_P25)/gain,12.153,0.458,1023,2984.2,11.291,0.162,0.458,59.5,1460.8,3,59.5,59.5
G1S16_Am241_P5,G1S16,1,ref-cal(G1S16_Eu152_P5),ref-cal(G1S16_Eu152_P5),fam(G1S16_Eu152_P5),28.718,0.799,1023,3057.3,26.041,0.305,0.799,59.5,59.5,1,59.5,59.5
G1S16_Ba133_P25,G1S16,3,affine/grp,gain/grp,fam(G1S16_Eu152_P25),19.027,1.554,1023,3041.2,17.24,0.577,1.554,80.9,359.2,3,80.9,59.5
G1S16_Ba133_P5,G1S16,4,affine,gain,fam(G1S16_Eu152_P5),24.707,1.051,1023,3053.3,22.396,0.381,1.051,80.9,913.7,4,80.9,59.5
G1S16_Cd109_P25,G1S16,3,poly1/grp,gain/grp,fam(G1S16_Eu152_P25)/gain,23.728,0.936,1023,3040.3,21.59,0.341,0.936,88.0,1460.8,3,88.0,59.5
G1S16_Cd109_P5,G1S16,2,ref-cal(G1S16_Eu152_P5),gain/grp,fam(G1S16_Eu152_P5)/gain,28.25,0.957,1023,3073.0,25.463,0.355,0.957,88.0,1460.8,2,88.0,59.5
G1S16_Ce139_P25,G1S16,3,affine/robust,stored/grp,fam(G1S16_Eu152_P25),4.042,1.136,1023,3018.2,3.988,0.459,1.136,165.9,1764.5,3,165.9,59.5
G1S16_Ce139_P5,G1S16,3,gain/grp,gain/grp,fam(G1S16_Eu152_P5)/gain,24.118,0.669,1023,3057.9,21.831,0.243,0.669,165.9,1460.8,3,165.9,59.5
G1S16_Co57_P5,G1S16,1,ref-cal(G1S16_Eu152_P5),ref-cal(G1S16_Eu152_P5),fam(G1S16_Eu152_P5),28.718,0.799,1023,3057.3,26.041,0.305,0.799,123.7,123.7,1,123.7,59.5
G1S16_Co60_P25,G1S16,4,affine/grp,affine/grp,fam(G1S16_Eu152_P25)/affine,16.12,2.916,1023,3006.4,14.218,1.124,2.916,348.7,1332.6,4,348.7,59.5
G1S16_Co60_P5,G1S16,5,affine,gain/grp,fam(G1S16_Eu152_P5),2.847,0.718,0,-13.1,2.816,0.278,0.718,511.0,1588.2,5,511.0,59.5
G1S16_Cs137_Mar,G1S16,3,affine/grp,gain/grp,fam(G1S16_Ra226_Mar)/affine,21.586,2.037,1023,3074.0,18.955,0.766,2.037,186.2,1460.8,3,186.2,73.2
G1S16_Cs137_Mar_2,G1S16,1,gain/grp,ref-cal(G1S16_Ra226_Mar_2),fam(G1S16_Ra226_Mar_2),0.583,0.152,0,-20.8,0.573,0.061,0.152,661.7,661.7,1,661.7,186.2
G1S16_Cs137_P25,G1S16,4,stored/grp,stored/grp,fam(G1S16_Eu152_P25)/affine,2.732,0.691,1023,3018.2,2.714,0.279,0.691,186.2,1764.5,4,186.2,59.5
G1S16_Cs137_P5,G1S16,3,affine/grp,affine/grp,fam(G1S16_Eu152_P5)/affine,0.0,0.0,1023,3071.2,0.0,0.0,0.0,186.2,1460.8,3,186.2,59.5
G1S16_Eu152_P25,G1S16,10,gain,gain/grp,fam(G1S16_Eu152_P25)/gain,9.391,0.924,1023,3038.8,8.386,0.355,0.924,121.8,2614.5,10,121.8,59.5
G1S16_Eu152_P5,G1S16,8,affine,gain/grp,fam(G1S16_Eu152_P5)/gain,22.506,0.798,1023,3057.3,20.355,0.293,0.798,121.8,1414.3,8,121.8,59.5
G1S16_K40_Mar,G1S16,3,stored,stored,fam(G1S16_Ra226_Mar),7.536,0.477,1023,3058.8,7.181,0.19,0.477,239.1,1459.6,3,239.1,73.2
G1S16_K40_Mar_2,G1S16,3,gain,gain,fam(G1S16_Ra226_Mar_2)/gain,37.714,0.627,1023,3127.5,33.251,0.222,0.627,239.1,1459.6,3,239.1,186.2
G1S16_Mix_Denta100,G1S16,10,gain,gain/grp,fam(G1S16_Mix_Denta100),0.806,0.009,1023,3081.4,0.732,0.008,0.001,73.2,1414.3,10,73.2,73.2
G1S16_Mix_Mar,G1S16,11,affine/grp,affine/grp,fam(G1S16_Ra226_Mar)/gain,5.683,0.473,1023,3080.7,5.005,0.18,0.473,73.2,1414.3,11,73.2,73.2
G1S16_Mix_Petri,G1S16,11,gain/grp,affine,fam(G1S16_Mix_Petri)/affine,7.197,0.299,1023,3071.9,6.457,0.108,0.299,73.2,1414.3,11,73.2,73.2
G1S16_Mn54_P25,G1S16,4,affine/grp,gain,fam(G1S16_Eu152_P25),5.004,1.085,1023,3027.2,4.378,0.425,1.085,292.4,1764.5,4,292.4,59.5
G1S16_Mn54_P5,G1S16,5,affine,affine/grp,fam(G1S16_Eu152_P5)/affine,0.234,0.022,1023,3129.4,0.195,0.008,0.022,186.2,1460.8,5,186.2,59.5
G1S16_Na22_P25,G1S16,3,stored/grp,affine/grp,fam(G1S16_Eu152_P25)/affine,0.0,0.0,1023,3017.5,0.0,0.0,0.0,511.0,1460.8,3,511.0,59.5
G1S16_Na22_P5,G1S16,5,stored/robust/grp,affine/grp,fam(G1S16_Eu152_P5)/affine,7.609,0.256,1023,2955.2,7.133,0.113,0.256,186.2,1764.5,5,186.2,59.5
G1S16_Ra226_Mar,G1S16,12,affine,affine,fam(G1S16_Ra226_Mar),2.401,0.269,1023,3068.8,2.101,0.103,0.269,186.2,2204.1,12,186.2,73.2
G1S16_Ra226_Mar_2,G1S16,12,affine/grp,affine/grp,fam(G1S16_Ra226_Mar_2),0.583,0.152,0,-20.8,0.573,0.061,0.152,186.2,2204.1,12,186.2,186.2
G1S16_Th228_P25,G1S16,7,affine,affine/robust/grp,fam(G1S16_Eu152_P25)/poly2,32.128,0.791,1023,3022.5,21.038,0.346,0.791,238.7,2614.5,7,238.7,59.5
G1S16_Th228_P5,G1S16,6,poly2,poly2/grp,poly2/grp,0.0,0.0,0,-16.7,0.0,0.0,0.0,238.7,2614.5,6,238.7,0.0
G1S16_Th232_Denta100,G1S16,8,gain/grp,gain/grp,fam(G1S16_Mix_Denta100),1.868,0.024,1023,3078.8,1.698,0.023,0.007,238.4,2614.5,8,238.4,73.2
G1S16_Th232_Mar,G1S16,9,affine,affine/grp,fam(G1S16_Ra226_Mar),5.244,0.621,1023,3061.1,4.623,0.236,0.621,238.4,2614.5,9,238.4,73.2
G1S16_Th232_Mar_2,G1S16,9,affine/robust,gain,fam(G1S16_Ra226_Mar),6.667,1.131,1023,3073.0,5.773,0.429,1.131,238.9,1103.8,9,238.9,73.2
G1S16_Th232_Mar_3,G1S16,10,affine/grp,affine/grp,fam(G1S16_Ra226_Mar),5.028,0.159,1023,3061.3,4.553,0.061,0.159,238.4,2614.5,10,238.4,73.2
G1S16_Th232_Petri,G1S16,7,poly2,poly2/grp,fam(G1S16_Mix_Petri)/poly2,0.0,0.0,500,1472.5,0.0,0.0,0.0,238.4,2614.5,7,238.4,73.2
G1S16_Y88_P25,G1S16,7,gain/recal,gain/recal/grp,fam(G1S16_Eu152_P25),3.313,0.822,0,-11.9,3.279,0.328,0.822,348.7,2614.5,7,348.7,59.5
G1S16_Y88_P5,G1S16,4,gain/grp,affine/grp,fam(G1S16_Eu152_P5),9.901,0.99,1023,3018.7,8.888,0.383,0.99,511.0,1836.1,4,511.0,59.5
G1S24_Am241_P5,G1S24,2,gain/recal,affine/recal/grp,fam(G1S24_Th228_P5),19.326,0.903,1023,3032.2,17.588,0.338,0.903,59.5,1460.8,2,59.5,59.5
G1S24_Ba133_P5,G1S24,4,affine,affine/grp,fam(G1S24_Th228_P5)/affine,3.017,0.141,1023,3031.1,2.745,0.053,0.141,80.9,1460.8,4,80.9,59.5
G1S24_Bi207_P5,G1S24,5,affine/grp,affine/grp,fam(G1S24_Th228_P5)/affine,14.651,0.148,1023,2988.9,13.744,0.143,0.117,198.1,1769.7,5,198.1,59.5
G1S24_Cd109_P5,G1S24,2,gain,gain/grp,fam(G1S24_Th228_P5),69.948,1.956,1023,3082.8,63.044,1.042,1.956,88.0,511.0,2,88.0,59.5
G1S24_Co60_P5,G1S24,7,affine/grp,affine/grp,fam(G1S24_Th228_P5)/affine,3.496,0.362,1023,2996.9,3.167,0.142,0.362,239.3,2204.1,7,239.3,59.5
G1S24_Cs137_Denta120,G1S24,2,affine/grp,gain/grp,fam(G1S24_Ra226_Denta120)/gain,9.898,0.596,1023,3050.5,8.872,0.23,0.596,661.7,1460.8,2,661.7,47.9
G1S24_Cs137_Denta120_2,G1S24,4,gain/grp,affine,fam(G1S24_Ra226_Denta120)/gain,13.041,0.749,1023,3033.3,11.754,0.289,0.749,198.1,2614.5,4,198.1,47.9
G1S24_Cs137_Mar,G1S24,3,gain/grp,affine,fam(G1S24_Ra226_Mar_2)/affine,1.131,0.1,1023,3107.3,0.969,0.039,0.1,186.2,1460.8,3,186.2,47.9
G1S24_Cs137_Mar_2,G1S24,4,affine/grp,affine,fam(G1S24_Ra226_Mar_2)/gain,8.315,0.222,1023,3068.8,7.657,0.097,0.222,198.1,2614.5,4,198.1,47.9
G1S24_Cs137_P25,G1S24,5,affine,affine/grp,fam(G1S24_Th228_P25)/gain,7.228,0.302,1023,3080.0,6.465,0.113,0.302,198.1,2614.5,5,198.1,180.8
G1S24_Cs137_P5,G1S24,3,affine/grp,affine/grp,fam(G1S24_Th228_P5)/gain,3.965,0.093,1023,2993.2,3.73,0.042,0.093,198.1,1460.8,3,198.1,59.5
G1S24_Cs137_Petri,G1S24,3,affine/grp,poly2,fam(G1S24_Ra226_Petri_2)/affine,31.218,4.339,1023,3101.0,24.874,1.685,4.339,661.7,2614.5,3,661.7,47.9
G1S24_Cs137_Petri_2,G1S24,4,gain/grp,affine/grp,fam(G1S24_Ra226_Petri_2)/gain,3.584,0.225,1023,3034.3,3.391,0.093,0.225,198.1,2614.5,4,198.1,47.9
G1S24_Eu152_P5,G1S24,8,poly2/grp,gain/grp,fam(G1S24_Th228_P5)/affine,10.062,0.73,1023,3023.9,9.102,0.274,0.73,121.8,1414.3,8,121.8,59.5
G1S24_K40_Denta120,G1S24,6,poly2/grp,poly2/robust/grp,fam(G1S24_Ra226_Denta120),47.043,0.54,1023,3078.9,24.907,0.3,0.187,239.3,2614.5,6,239.3,47.9
G1S24_K40_Denta120_2,G1S24,4,poly2/grp,poly2,fam(G1S24_Ra226_Denta120)/poly2,4.002,0.312,765,2282.2,4.002,0.129,0.312,239.1,2614.5,4,239.1,47.9
G1S24_K40_Mar,G1S24,4,gain,stored,fam(G1S24_Ra226_Mar_2)/poly1,34.756,1.72,1023,3063.3,22.917,0.822,1.72,237.3,2204.1,4,237.3,47.9
G1S24_K40_Mar_2,G1S24,2,stored/grp,gain/grp,fam(G1S24_Ra226_Mar_2),7.404,0.747,1023,3075.9,6.467,0.287,0.747,1460.8,2614.5,2,1460.8,47.9
G1S24_K40_Petri,G1S24,5,poly2,poly2/grp,fam(G1S24_Ra226_Petri_2)/gain,41.801,0.419,1023,3074.3,19.188,0.202,0.239,239.3,2614.5,5,239.3,47.9
G1S24_K40_Petri_2,G1S24,2,ref-cal(G1S24_Ra226_Petri_2),gain,fam(G1S24_Ra226_Petri_2),12.158,0.778,1023,3033.0,10.93,0.298,0.778,1459.6,2614.5,2,1459.6,47.9
G1S24_Na22_P25,G1S24,5,affine/robust/grp,gain/grp,fam(G1S24_Th228_P25)/gain,6.283,1.133,1023,3057.2,5.338,0.431,1.133,511.0,1764.5,5,511.0,180.8
G1S24_Na22_P5,G1S24,5,affine/grp,affine,fam(G1S24_Th228_P5)/affine,0.572,0.013,1023,2929.4,0.551,0.01,0.013,198.1,1764.5,5,198.1,59.5
G1S24_Ra226_Denta120,G1S24,14,affine/robust/grp,affine/robust/grp,fam(G1S24_Ra226_Denta120)/affine,8.68,0.386,1023,3015.0,7.953,0.141,0.386,47.9,2614.5,14,47.9,47.9
G1S24_Ra226_Denta120_2,G1S24,11,affine/grp,affine,fam(G1S24_Ra226_Denta120)/gain,5.308,0.444,1023,3018.5,4.802,0.17,0.444,186.2,2614.5,11,186.2,47.9
G1S24_Ra226_Mar,G1S24,12,affine/grp,affine/grp,fam(G1S24_Ra226_Mar_2)/affine,0.0,0.0,1023,3065.5,0.0,0.0,0.0,47.9,2204.1,12,47.9,47.9
G1S24_Ra226_Mar_2,G1S24,13,affine,affine,fam(G1S24_Ra226_Mar_2),1.208,0.141,1023,3067.2,1.049,0.054,0.141,186.2,2614.5,13,186.2,47.9
G1S24_Ra226_Petri,G1S24,10,affine/robust/grp,affine/robust/grp,fam(G1S24_Ra226_Petri_2),0.607,0.162,0,-12.0,0.602,0.065,0.162,187.4,2204.1,10,187.4,47.9
G1S24_Ra226_Petri_2,G1S24,14,affine/grp,affine/grp,fam(G1S24_Ra226_Petri_2)/affine,1.01,0.054,1023,3007.9,0.954,0.022,0.054,47.9,2614.5,14,47.9,47.9
G1S24_Th228_P25,G1S24,9,affine,affine,fam(G1S24_Th228_P25),0.25,0.045,1023,3079.6,0.211,0.017,0.045,180.8,2614.5,9,180.8,180.8
G1S24_Th228_P5,G1S24,9,affine/robust/grp,affine/robust/grp,fam(G1S24_Th228_P5)/affine,5.458,0.429,1023,3050.8,5.15,0.172,0.429,238.7,2614.5,9,238.7,59.5
G1S24_Th232_Denta120,G1S24,7,affine/robust/grp,affine/robust/grp,fam(G1S24_Ra226_Denta120),4.221,0.226,1023,3036.1,3.829,0.084,0.226,238.4,2614.5,7,238.4,47.9
G1S24_Th232_Denta120_2,G1S24,11,affine/robust,gain/robust/grp,fam(G1S24_Ra226_Denta120),17.215,0.682,1023,3049.1,15.602,0.241,0.682,238.4,2614.5,11,238.4,47.9
G1S24_Th232_Mar,G1S24,9,poly2/grp,poly2/grp,poly2/grp,0.0,0.0,0,-14.2,0.0,0.0,0.0,238.4,2614.5,9,238.4,0.0
G1S24_Th232_Mar_2,G1S24,9,affine/grp,affine/grp,fam(G1S24_Ra226_Mar_2),1.808,0.086,1023,3066.6,1.621,0.032,0.086,238.4,2614.5,9,238.4,47.9
G1S24_Th232_Petri,G1S24,11,gain/grp,gain,fam(G1S24_Ra226_Petri_2),13.043,0.951,1023,3033.9,11.746,0.363,0.951,238.7,2614.5,11,238.7,47.9
G1S24_Th232_Petri_2,G1S24,10,gain/grp,gain/grp,fam(G1S24_Ra226_Petri_2),9.657,1.05,1023,3030.5,8.634,0.406,1.05,238.4,2614.5,10,238.4,47.9
G1S24_Y88_P25,G1S24,6,affine,affine,fam(G1S24_Th228_P25)/gain,5.532,0.231,1023,3080.3,4.928,0.087,0.231,237.3,1835.5,6,237.3,180.8
G1S24_Y88_P5,G1S24,5,affine/grp,affine,fam(G1S24_Th228_P5)/affine,0.704,0.022,1023,3030.0,0.642,0.008,0.022,198.1,1835.5,5,198.1,59.5
G1S24_Zn65_P5,G1S24,3,affine/grp,affine/grp,fam(G1S24_Th228_P5)/affine,28.278,2.395,1023,3020.7,25.362,0.919,2.395,239.3,1115.6,3,239.3,59.5
GS4000_Lu176,GS4000,4,gain,gain/grp,gain/grp,0.0,0.0,0,-4.7,0.0,0.0,0.0,88.3,511.0,4,88.3,0.0
GS4000_Ra226,GS4000,11,stored/grp,stored/grp,stored/grp,0.0,0.0,0,-4.7,0.0,0.0,0.0,47.9,1759.0,11,47.9,0.0
GS4000_Th232,GS4000,8,affine/robust/grp,affine/grp,affine/grp,0.0,0.0,0,-11.8,0.0,0.0,0.0,238.9,967.5,8,238.9,0.0
GS4000_U,GS4000,7,affine/robust,affine,affine,0.0,0.0,0,-8.0,0.0,0.0,0.0,26.4,1460.7,7,26.4,0.0
HPGE_Uranium,HPGE,15,affine/robust/grp,affine/robust/grp,affine/robust/grp,0.0,0.0,0,0.1,0.0,0.0,0.0,63.3,1764.5,15,63.3,0.0
HPGeGEM_K40,HPGE_GEM,2,gain/grp,gain/grp,fam(HPGeGEM_Ra226)/gain,0.166,0.993,8191,2954.8,0.152,0.484,0.993,238.6,1460.8,2,238.6,186.2
HPGeGEM_Ra226,HPGE_GEM,12,poly2/grp,poly2/grp,fam(HPGeGEM_Ra226)/poly2,0.0,0.0,8191,2953.3,0.0,0.0,0.0,186.2,2204.1,12,186.2,186.2
HPGeGEM_Th232,HPGE_GEM,17,affine/grp,affine/grp,affine/grp,0.0,0.0,0,-1.4,0.0,0.0,0.0,209.3,2614.5,17,209.3,0.0
HPGeGMX_Background,HPGE_GMX,11,affine/grp,poly2/grp,poly2/grp,0.0,0.0,0,-0.1,0.0,0.0,0.0,238.6,1460.7,11,238.6,0.0
HPGeGMX_Eu152,HPGE_GMX,7,affine/grp,affine/grp,fam(HPGeGMX_Eu152)/gain,0.162,1.079,8191,2692.1,0.162,0.53,1.079,778.9,1460.8,7,778.9,510.8
HPGeGMX_Th228,HPGE_GMX,6,affine/grp,affine,fam(HPGeGMX_Eu152)/gain,0.024,0.207,0,0.6,0.024,0.102,0.207,510.8,2614.5,6,510.8,510.8
HPGeGMX_Th232,HPGE_GMX,13,affine/robust/grp,affine/robust,affine/robust,0.0,0.0,0,0.6,0.0,0.0,0.0,209.3,2614.5,13,209.3,0.0
LaBrBril_Eu152,LABR_BRIL,13,affine/robust/grp,affine/robust/grp,fam(LaBrBril_Eu152),1.504,0.046,1023,2937.6,1.429,0.036,0.046,121.8,1764.5,13,121.8,121.8
LaBrBril_Th228,LABR_BRIL,11,affine/robust,affine/grp,fam(LaBrBril_Eu152)/gain,3.119,0.165,1023,2931.9,2.966,0.075,0.165,238.9,2614.5,11,238.9,121.8
OBS_UGlass,OBS,3,affine/grp,affine/grp,affine/grp,0.0,0.0,0,-27.0,0.0,0.0,0.0,50.3,1765.2,3,50.3,0.0
RC101_I131,RC101,2,gain/grp,gain/grp,gain/grp,0.0,0.0,0,-8.5,0.0,0.0,0.0,364.0,623.7,2,364.0,0.0
RC103_Charoite,RC103,5,affine,affine/robust/grp,fam(RC103_Charoite)/gain,54.669,1.744,1023,2820.4,54.217,0.62,1.744,187.4,1390.6,5,187.4,187.4
RC103_Cs137_0cm,RC103,2,gain/recal/grp,gain/recal,fam(RC103_Th232WT20)/gain,7.472,0.337,1023,2834.0,7.361,0.13,0.337,198.1,660.3,2,198.1,60.3
RC103_K40,RC103,1,gain,ref-cal(RC103_Charoite),fam(RC103_Charoite),24.393,1.752,1023,2820.4,24.163,0.66,1.752,1459.6,1459.6,1,1459.6,187.4
RC103_K40Village,RC103,2,affine,stored/grp,stored/grp,0.0,0.0,0,-7.1,0.0,0.0,0.0,598.8,1460.8,2,598.8,0.0
RC103_Lu176,RC103,4,affine/grp,affine/grp,affine/grp,0.0,0.0,0,-1.6,0.0,0.0,0.0,88.3,511.0,4,88.3,0.0
RC103_Th232Village,RC103,4,poly2,affine,fam(RC103_Charoite)/gain,5.625,0.402,1023,2801.7,5.62,0.151,0.402,238.4,2614.5,4,238.4,187.4
RC103_Th232WT20,RC103,6,poly2/robust/grp,poly2/grp,fam(RC103_Th232WT20)/poly2,1.6,0.166,502,1320.1,1.6,0.055,0.166,60.3,2614.5,6,60.3,60.3
