detector,energy_kev,gadras_intrinsic_pct,ours_intrinsic_pct,ratio,rel_err
HPGe 10%,30,0.3479,31.498356223925576,90.538534705161183,1.9671364072354456
HPGe 10%,40,2.4057,55.665264686552696,23.138905385772414,1.9720266020691546
HPGe 10%,50,10.879,68.307786083817561,6.2788662637942423,1.9427055092136734
HPGe 10%,60,24.499,73.457347568957474,2.9983814673642795,1.9867061690163956
HPGe 10%,80,48.599,79.649725108995966,1.6389169552664864,1.94270550704551
HPGe 10%,100,61.529,76.081054317131375,1.2365072456424022,2.1942686294047982
HPGe 10%,150,61.287,70.01250847609036,1.1423712773686159,2.5605256087618784
HPGe 10%,200,47.238,51.14492096808489,1.0827071630484968,3.6039569572496641
HPGe 10%,300,27.857,33.511350531829656,1.2029777266694066,5.0709255286885222
HPGe 10%,400,18.709,20.346528593934721,1.0875262490744948,7.0373155057834644
HPGe 10%,500,13.905,15.272481162671165,1.0983445640180629,8.3666002655742115
HPGe 10%,600,11.054,12.79442588708593,1.1574476105559914,9.2819096181127918
HPGe 10%,662,9.8308189904165655,11.113095520158664,1.1304343545529734,10.055402086224779
HPGe 10%,800,8.1132093729017338,9.1987578575373075,1.1338001319504123,11.186381682237954
HPGe 10%,1000,6.7,7.2645255765482952,1.0842575487385515,12.74416702295183
HPGe 10%,1200,5.9094,5.2914011739218614,0.8954210535624364,15.102822189915669
HPGe 10%,1500,4.9969,4.4386735424763906,0.88828544547147037,16.604646509926123
HPGe 10%,2000,3.8326,3.0665160701232903,0.80011377918992077,20.165977949844287
HPGe 10%,2614,2.9825390656462125,3.0845453308015225,1.0342011497285146,20.165977949783727
HPGe 10%,3000,2.5133,1.2887406652224456,0.51276833852800918,31.464265445251733
HPGe 20%,30,44.391,74.034462771881138,1.6677809189223298,2.6306793380538256
HPGe 20%,40,68.026,85.002753492334236,1.2495627185537035,2.6035597729761379
HPGe 20%,50,79.6,87.092633314214822,1.0941285592238044,2.6689487952865654
HPGe 20%,60,85.448,93.507969122147614,1.0943260125707754,2.5020316948339731
HPGe 20%,80,90.171,92.812184952035125,1.0292908468580266,2.5766131080073871
HPGe 20%,100,90.838,92.451170913675,1.0177587674065369,2.6089696604629968
HPGe 20%,150,83.449,79.124484671051221,0.94817774534207988,3.1245553043462593
HPGe 20%,200,69.097,68.399064963611409,0.98989919914918756,3.5966345125152426
HPGe 20%,300,45.856,46.939076637725321,1.0236190822951265,4.8535602375973745
HPGe 20%,400,33.406,34.430592654786246,1.0306709170444306,5.9892870721946236
HPGe 20%,500,26.686,26.903249861304204,1.0081409675973996,6.9873835884325812
HPGe 20%,600,22.624,22.190298379434385,0.98083002030738975,7.8376381282058123
HPGe 20%,662,20.855126551833465,20.622583188259146,0.98884958271548462,8.1806525976360742
HPGe 20%,800,17.750865975855504,16.840916593109437,0.94873774699308933,9.1836606340642035
HPGe 20%,1000,14.849,13.686871060959851,0.921736888744013,10.309174058457897
HPGe 20%,1200,13.017,12.270837404308386,0.94267783700609864,10.948521812110391
HPGe 20%,1500,10.855,8.1396285968444957,0.7498506307549051,13.641056827559318
HPGe 20%,2000,8.2272,6.0751399572680942,0.73842132891726153,15.910936324962636
HPGe 20%,2614,6.2393824882794169,4.4823870704541093,0.71840235453976475,18.631770102246673
HPGe 20%,3000,5.5291,4.4851684798505076,0.81119322852733855,18.631770102246197
LaBr 10%,30,39.22,39.971271192628066,1.0191553083280995,3.8408951816451755
LaBr 10%,40,52.131,49.7580218829757,0.95448047961818683,4.3572362191823579
LaBr 10%,50,61.527,64.9967230547831,1.0563935029301461,3.9054481642477579
LaBr 10%,60,66.829,66.0527305294908,0.98838424231233157,4.03928082110244
LaBr 10%,80,72.247,68.700609801586168,0.95091297633931049,4.0737875174332787
LaBr 10%,100,74.806,71.646183887702918,0.95775985733367541,4.0136841711412634
LaBr 10%,150,76.308,76.862501564088291,1.0072666242607364,3.8891680569283804
LaBr 10%,200,72.519,66.613259127973492,0.91856284736377347,4.4255845770667088
LaBr 10%,300,55.474,46.001124448599469,0.82923756081406552,5.8354831396393161
LaBr 10%,400,41.262,39.453067726742447,0.9561598499040872,6.5081503498061712
LaBr 10%,500,32.151,31.010800613257263,0.96453611437458431,7.5873294119129682
LaBr 10%,600,26.234,23.946572397848744,0.91280675451127324,8.8597728678571652
LaBr 10%,662,23.569855412999164,21.745937469181374,0.92261649841042859,9.3829214922171431
LaBr 10%,800,19.246692463734281,20.04424637432804,1.0414384919433068,9.8755699457721118
LaBr 10%,1000,15.246,15.71157195855173,1.0305373185459614,11.352924245492437
LaBr 10%,1200,12.7,11.456958541972261,0.90212271984033554,13.502136584645823
LaBr 10%,1500,10.146,8.0177686233874574,0.79023936757219171,16.363916946053124
LaBr 10%,2000,7.5022,6.76533295280802,0.90177987161206308,17.981471946751203
LaBr 10%,2614,5.5021563387417727,4.3277295099632864,0.78655153425773927,22.72258324949005
LaBr 10%,3000,4.9318,5.4919503938894447,1.1135793004358336,20.165977950525281
LaBr 5%,30,59.523,64.729558900438533,1.0874713791381236,3.9548736570530831
LaBr 5%,40,68.495,69.651025149246479,1.0168775114861883,4.396079298318786
LaBr 5%,50,76.814,84.677546866534357,1.1023712717282574,3.988324930533492
LaBr 5%,60,81.444,89.3768716900518,1.0974027760185132,3.9136243683228713
LaBr 5%,80,85.984,86.526109483379628,1.0063047716247167,4.0999574966827934
LaBr 5%,100,87.811,92.29919692695816,1.0511120124694873,3.9218249144944579
LaBr 5%,150,87.183,90.640816761020844,1.0396615941298284,4.0136841647605408
LaBr 5%,200,80.142,79.929916103154937,0.997353648563237,4.4454363972434159
LaBr 5%,300,57.094,51.237868909430425,0.89743000857236177,6.0604432150337528
LaBr 5%,400,40.213,45.688002745957419,1.1361500695286952,6.5292862509927687
LaBr 5%,500,30.139,32.807712757213494,1.0885468249515078,7.9705339698631805
LaBr 5%,600,23.858,26.118456194845614,1.0947462568046615,9.0880466874151811
LaBr 5%,662,21.106709523251844,19.615169855677195,0.929333387284668,10.651609743296932
LaBr 5%,800,16.762753669250046,19.177432272247767,1.144050234862501,10.797327376765754
LaBr 5%,1000,12.886,12.414428489069509,0.9634043527137599,13.641056827555545
LaBr 5%,1200,10.505,10.977246094784423,1.0449544116881886,14.56784892227612
LaBr 5%,1500,8.1829,8.3138316152207654,1.016000637331602,16.855789719229531
LaBr 5%,2000,5.8103,7.3557119870057788,1.2659780023416656,17.981471945683257
LaBr 5%,2614,4.011936067061348,2.7028503194492428,0.67370224108008259,29.984844656776811
LaBr 5%,3000,3.5076,2.4595760657520831,0.70121338400960287,31.464265445105617
NaI 10%,30,23.403,20.095544817858197,0.85867388018024182,6.3443879031192463
NaI 10%,40,40.362,39.638562897392113,0.98207628208196107,6.6594163735318013
NaI 10%,50,55.453,51.763554187984163,0.93346715575323536,6.6373228178484123
NaI 10%,60,64.822,60.170494012027952,0.92824186251624374,6.487166824521827
NaI 10%,80,74.724,70.647542647513873,0.9454464783404779,6.208356413444168
NaI 10%,100,79.256,71.7084084432994,0.90476946153350413,6.2852963749695343
NaI 10%,150,82.271,78.924970818426559,0.95932917818461616,6.042485243832556
NaI 10%,200,79.659,76.443424607389233,0.9596332442961778,6.2273981578842434
NaI 10%,300,64.123,50.5384997278786,0.78814933374730745,8.07390673333203
NaI 10%,400,48.215,49.243513800806909,1.0213318220638163,8.2537870102399218
NaI 10%,500,37.256,35.717817425915193,0.95871315830779458,9.93456854549694
NaI 10%,600,29.987,23.461416035697283,0.7823862352251737,12.51665557102589
NaI 10%,662,26.709933607434856,21.98099105573473,0.82295191664632972,12.983506020450935
NaI 10%,800,21.43688618470765,22.923952131570669,1.0693694939670781,12.744167023232739
NaI 10%,1000,16.656,17.527332063442685,1.0523134043853679,14.74017392321924
NaI 10%,1200,13.656,14.828327544879198,1.085847066848213,16.13289404553537
NaI 10%,1500,10.767,11.298104684830978,1.0493270813440121,18.631770102621658
NaI 10%,2000,7.8934,4.0661905377380636,0.5151380314868198,31.464265445510481
NaI 10%,2614,5.7470374635419361,4.0906734984549411,0.71178820816905419,31.464265445164013
NaI 10%,3000,5.0949,3.2817016938341839,0.64411503539503889,35.213633723684964
NaI 12%,30,44.28,42.683005849060073,0.963934188099821,6.59362843007663
NaI 12%,40,49.936,52.33358336116455,1.0480131240220392,7.088086051290615
NaI 12%,50,59.152,56.352422055747461,0.95267145752886562,7.2456883738017925
NaI 12%,60,64.918,57.34190804807745,0.88329751452721039,7.3835038456456088
NaI 12%,80,71.464,71.429199517156675,0.99951303477494513,6.6373228080848987
NaI 12%,100,74.806,68.944951634480915,0.92165002318638767,6.8660656235331246
NaI 12%,150,77.423,71.6629374523399,0.9256026949658358,6.818883716845046
NaI 12%,200,75.463,73.743990235339751,0.97722049528033283,6.7724383932007912
NaI 12%,300,62.24,55.694601552140455,0.89483614318991733,8.109104498016551
NaI 12%,400,47.816,54.041621702978354,1.130199550422,8.3285700673628771
NaI 12%,500,37.525,38.208200387394861,1.0182065393043267,10.180194675837164
NaI 12%,600,30.552,29.373825661396335,0.96143707977861792,11.800581822362828
NaI 12%,662,27.3662632452032,21.593377029284042,0.7890509871883572,13.93131841056757
NaI 12%,800,22.19076907733697,18.237253888909525,0.82183964987202274,15.293869328174081
NaI 12%,1000,17.44,13.936348253919533,0.79910253749538607,17.679950372227285
NaI 12%,1200,14.413,16.318104861808909,1.132179619913197,16.363916944905284
NaI 12%,1500,11.485,7.7773754812584919,0.67717679418881083,24.046523535049396
NaI 12%,2000,8.5552,5.0864976930635857,0.59455041297264655,29.984844656836927
NaI 12%,2614,6.3583070179428365,6.06298452696287,0.95355328232081582,27.554142505867134
NaI 12%,3000,5.6756,4.6823515899496213,0.8249967562812075,31.464265445144662
NaI 1x1,30,73.108,68.479687526660484,0.93669212024211412,5.0709255344928019
NaI 1x1,40,69.499,70.299460707133647,1.0115175859671888,5.5362809285666232
NaI 1x1,50,77.432,80.498367222870755,1.039600775168803,5.2395785637962575
NaI 1x1,60,82.523,83.6243229142812,1.0133456480530421,5.1865565654961392
NaI 1x1,80,88.178,87.401138722696629,0.991189851467448,5.096196917644999
NaI 1x1,100,90.549,89.947484277326026,0.99335701418376809,5.0210823142741088
NaI 1x1,150,89.088,79.148143170775228,0.888426535232301,5.5065942874086637
NaI 1x1,200,77.729,74.329488972876121,0.95626457271901244,5.7535596178877242
NaI 1x1,300,47.865,37.667326358401986,0.7869492605954661,8.68735204024686
NaI 1x1,400,30.018,33.267468839779788,1.1082506775861078,9.3320618644433946
NaI 1x1,500,20.54,19.425647611228058,0.94574720599941864,12.516655570390405
NaI 1x1,600,15.149,15.569709562437684,1.0277714411801231,14.083086782896647
NaI 1x1,662,12.926941271082844,12.987842968191075,1.0047112225414425,15.491933384883289
NaI 1x1,800,9.6053729635873673,10.083952345231262,1.04982413316569,17.679950372179928
NaI 1x1,1000,6.8547,6.8451587113351184,0.99860806619328613,21.591444513789963
NaI 1x1,1200,5.2842,5.5501757407054946,1.0503341547832206,24.046523534999359
NaI 1x1,1500,3.8488,4.5789573404189206,1.1897103877621389,26.538381907879089
NaI 1x1,2000,2.4514,1.63868263423929,0.66846807303552658,44.609416046448523
NaI 1x1,2614,1.393428886650411,2.626088849447068,1.8846235172860397,35.213633723364993
NaI 1x1,3000,1.1138,0.98551572942747645,0.88482288510278018,57.648359329103727
NaI 25%,30,45.246,46.950237236480156,1.0376660309525738,3.8891680604637089
NaI 25%,40,54.247,57.335286995531717,1.0569300974345441,4.4255845755338381
NaI 25%,50,65.592,67.273072755805174,1.0256292345988105,4.3094580376140019
NaI 25%,60,72.516,75.280385750447863,1.0381210457064352,4.1175451304657713
NaI 25%,80,80.021,82.23541769372909,1.0276729570203957,3.971548297355993
NaI 25%,100,83.614,84.091676691160018,1.0057128793163825,3.9548736569554208
NaI 25%,150,86.235,89.116176898752585,1.0334107601177316,3.8249891336996051
NaI 25%,200,84.271,85.053200472185424,1.0092819649960891,4.0052049470016673
NaI 25%,300,70.224,64.515607379757824,0.9187116566951159,4.9721446301485246
NaI 25%,400,54.566,52.815730989247825,0.96792381683187012,5.7214545996504462
NaI 25%,500,43.109,39.720567851823212,0.92139849803575147,6.8660656233186232
NaI 25%,600,35.127,34.42359329253204,0.979975326459192,7.4983441881357207
NaI 25%,662,31.447393450066759,28.33489339095583,0.90102518149705912,8.4050675958787018
NaI 25%,800,25.677555574343394,29.373715474955681,1.1439451621440724,8.2537870096576054
NaI 25%,1000,20.393,20.752942628031338,1.0176503029486264,10.055402086036194
NaI 25%,1200,17.074,15.507068256052648,0.90822702682749479,11.800581822270312
NaI 25%,1500,13.766,14.642589392551114,1.0636778579508293,12.19549747779684
NaI 25%,2000,10.367,11.67655118332805,1.1263192035620766,13.784048752117625
NaI 25%,2614,7.9003098997537542,7.26652389128798,0.91977706994942954,17.679950372169355
NaI 25%,3000,7.1415,5.16585152384437,0.72335665110192116,21.084246596601748
NaI 2x2,30,73.118,70.037004295477459,0.95786269175138083,2.5605400855010854
NaI 2x2,40,69.51,64.481946177497264,0.92766430984746451,3.3245531895378475
NaI 2x2,50,77.466,74.95315885164878,0.96756201238799977,3.02001118474245
NaI 2x2,60,82.593,78.935383778554083,0.95571517899282121,2.9304207204116768
NaI 2x2,80,88.376,84.180363525946817,0.95252515983917363,2.786035145435191
NaI 2x2,100,91.049,83.00248857237024,0.91162438436852944,2.8546141918873036
NaI 2x2,150,91.779,80.005730725969016,0.8717215346208721,2.9958860556404727
NaI 2x2,200,87.712,70.109323791499733,0.79931279404756173,3.426241598359661
NaI 2x2,300,70.679,57.588864039152867,0.814794550561735,4.0737876279166185
NaI 2x2,400,53.967,45.792687292830834,0.84853127453500909,4.8535603331172625
NaI 2x2,500,42.198,34.197171141552168,0.81039791320802335,5.9198856336328589
NaI 2x2,600,34.142,27.007983999797251,0.79104867904039744,6.8660656939582276
NaI 2x2,662,30.460874520929913,25.799214140797535,0.846962358978587,7.0625944706812174
NaI 2x2,800,24.725527623415939,18.108657804839492,0.7323871134579939,8.68735208711243
NaI 2x2,1000,19.513,13.958829316784126,0.71536049386481448,10.055402134068432
NaI 2x2,1200,16.263,12.738316905161689,0.78326980908575827,10.580700376849219
NaI 2x2,1500,13.048,10.115757011730613,0.77527260972797463,11.993588067150633
NaI 2x2,2000,9.7772,6.39400155623307,0.65397062106053572,15.293869356072291
NaI 2x2,2614,7.4228388981009843,6.4042626621701784,0.86277807589339,15.293869350815548
NaI 2x2,3000,6.7014,3.2827526287546158,0.48986071996218938,21.5914445251388
NaI 30%,30,37.075,39.101339981742427,1.054655157970126,1.291747540038034
NaI 30%,40,50.451,50.635418448021269,1.003655397276987,2.2193181845655734
NaI 30%,50,63.829,65.260711916271987,1.0224304299968978,1.9475891435522548
NaI 30%,60,71.975,74.390530658404643,1.033560689939627,1.7478072829172897
NaI 30%,80,80.617,83.422884638704673,1.0348051234690532,1.5365348795416678
NaI 30%,100,84.599,86.475194523518581,1.0221775023761341,1.4815943960192282
NaI 30%,150,86.971,83.971602052414113,0.96551266574391592,1.6794382461311721
NaI 30%,200,80.26,81.359113646090918,1.0136944137315089,1.8306105123997722
NaI 30%,300,55.755,55.6418297899724,0.99797022311850769,3.1183113827099636
NaI 30%,400,38.539,37.008884126212855,0.96029694922579345,4.4554176314695964
NaI 30%,500,28.37,31.416089942584918,1.1073701072465603,5.0334569679271395
NaI 30%,600,22.015,23.066949833736953,1.0477833219957735,6.1894409074274623
NaI 30%,662,19.237520231883337,21.438783941036817,1.1144255435534363,6.4871668188725975
NaI 30%,800,15.135092951417175,15.689885548399984,1.0366560416089721,7.8376381283445582
NaI 30%,1000,11.592,11.816322140053231,1.019351461357249,9.2324479549592837
NaI 30%,1200,9.4737,9.5963733274649918,1.0129488296510332,10.37531005928377
NaI 30%,1500,7.4632,6.9115757481216633,0.92608743543274519,12.407031322292058
NaI 30%,2000,5.4101,4.7781658405649727,0.88319362683960978,15.102822189858193
NaI 30%,2614,3.9848824654323405,3.3095624442245422,0.83052950066507691,18.298294625716316
NaI 30%,3000,3.4379,3.6572617347800085,1.063806898042412,17.392527131012116
NaI 3x3,30,69.886,55.367406860706886,0.79225319607227329,4.0307219229974827
NaI 3x3,40,67.184,63.480948418628472,0.94488194240635381,4.4354921399523217
NaI 3x3,50,75.197,74.556614857685162,0.99148390039077572,4.1981316556957466
NaI 3x3,60,80.363,80.068286735548057,0.99633272445712651,4.0912061691137218
NaI 3x3,80,86.283,85.9118411767817,0.99569835514274774,3.9631983139777835
NaI 3x3,100,89.241,84.06616484546187,0.94201280628255923,4.0737875106887316
NaI 3x3,150,91.63,93.974798842419929,1.025589859679362,3.7545153539675304
NaI 3x3,200,90.554,87.062897926545745,0.961447290307946,4.0221897608182964
NaI 3x3,300,81.306,76.051434560911247,0.93537296830383054,4.4957180030868589
NaI 3x3,400,68.287,65.605072821499945,0.96072565527113418,5.0210823142328529
NaI 3x3,500,56.489,55.430969296822092,0.98127014634392706,5.64278337212436
NaI 3x3,600,47.015,45.600459504721442,0.96991299595281166,6.4047176490465585
NaI 3x3,662,42.278066290186707,44.744921219334614,1.0583483386448187,6.4871668187197775
NaI 3x3,800,35.644186405729982,33.660871505379532,0.9443579696903498,7.710022337519816
NaI 3x3,1000,29.672,30.492850153984211,1.0276641329867959,8.1806525976579252
NaI 3x3,1200,26.042,28.927778936806888,1.1108124927734768,8.4439808744850318
NaI 3x3,1500,22.025,17.927748152261451,0.81397267433650178,11.026284386368125
NaI 3x3,2000,17.289,14.438387931895555,0.83511989888921012,12.407031322203041
NaI 3x3,2614,13.868405484379789,14.239587492751978,1.0267645771383205,12.516655570364499
NaI 3x3,3000,12.919,12.831536541657433,0.99322985847646361,13.235754046729973
NaI 5%,30,11.956,12.294313303806694,1.0282965292578365,5.5065942969941668
NaI 5%,40,28.005,29.24659121431764,1.044334626470903,6.1519826057115887
NaI 5%,50,42.806,45.193706279552117,1.05577971031052,5.8521609359633988
NaI 5%,60,52.468,55.09554368093724,1.05007897539333,5.68971716008948
NaI 5%,80,62.946,61.075666244396132,0.97028669406151513,5.769752446449731
NaI 5%,100,67.87,61.371234732774127,0.90424686507697249,5.9370757768938258
NaI 5%,150,71.341,69.2529448375347,0.97073134435366348,5.6739838586757125
NaI 5%,200,67.032,64.469390357502576,0.96177035382358544,6.0424852427171416
NaI 5%,300,47.411,47.075471745206485,0.992922987180327,7.4692351472996066
NaI 5%,400,32.473,30.695823653055434,0.94527218467820762,9.6484601624683251
NaI 5%,500,23.688,24.11632869826396,1.0180820963468407,11.10555416607407
NaI 5%,600,18.327,17.907964586224217,0.97713562428243661,13.107943462660613
NaI 5%,662,16.025206278998755,16.061873189679865,1.0022880772978979,13.931318410511231
NaI 5%,800,12.456526693688376,12.276737528617167,0.98556666962691075,16.132894045174854
NaI 5%,1000,9.3526,9.7553965711112323,1.0430678710851775,18.298294625731188
NaI 5%,1200,7.4918,6.4598529360253707,0.86225645853137711,22.722583248296186
NaI 5%,1500,5.7241,7.2259562501535761,1.2623742160607914,21.591444513826698
NaI 5%,2000,3.9713,1.7440226362263977,0.43915660771696868,44.609416046423576
NaI 5%,2614,2.654459294171049,3.1728816285390415,1.1953024239273138,33.182994306021008
NaI 5%,3000,2.2618,1.0628879782449747,0.46993013451453475,57.6483593291073
