spectrum,E_keV,eps
G1S_Ba133_25cm,59.5410,0.002772444
G1S_Ba133_25cm,80.9970,0.003134299
G1S_Ba133_25cm,121.7820,0.003067634
G1S_Ba133_25cm,238.6320,0.002789831
G1S_Ba133_25cm,302.8510,0.00244027
G1S_Ba133_25cm,344.2790,0.002208708
G1S_Ba133_25cm,356.0130,0.002159463
G1S_Ba133_25cm,583.1870,0.001412106
G1S_Ba133_25cm,661.6570,0.001221501
G1S_Ba133_25cm,834.8480,0.0009983515
G1S_Ba133_25cm,898.0420,0.0009063597
G1S_Ba133_25cm,964.0790,0.0008293017
G1S_Ba133_25cm,1085.8690,0.0007767922
G1S_Ba133_25cm,1112.0690,0.0007767083
G1S_Ba133_25cm,1173.2280,0.0006946485
G1S_Ba133_25cm,1274.5370,0.000672327
G1S_Ba133_25cm,1332.4920,0.0006198122
G1S_Ba133_25cm,1408.0060,0.0006238686
G1S_Ba133_25cm,1836.0630,0.0004509345
G1S_Ba133_25cm,2614.5110,0.0003054126
G1S_Co60_25cm,59.5410,0.002772444
G1S_Co60_25cm,80.9970,0.003134299
G1S_Co60_25cm,121.7820,0.003067634
G1S_Co60_25cm,238.6320,0.002789831
G1S_Co60_25cm,302.8510,0.00244027
G1S_Co60_25cm,344.2790,0.002208708
G1S_Co60_25cm,356.0130,0.002159463
G1S_Co60_25cm,583.1870,0.001412106
G1S_Co60_25cm,661.6570,0.001221501
G1S_Co60_25cm,834.8480,0.0009983515
G1S_Co60_25cm,898.0420,0.0009063597
G1S_Co60_25cm,964.0790,0.0008293017
G1S_Co60_25cm,1085.8690,0.0007767922
G1S_Co60_25cm,1112.0690,0.0007767083
G1S_Co60_25cm,1173.2280,0.0006946485
G1S_Co60_25cm,1274.5370,0.000672327
G1S_Co60_25cm,1332.4920,0.0006198122
G1S_Co60_25cm,1408.0060,0.0006238686
G1S_Co60_25cm,1836.0630,0.0004509345
G1S_Co60_25cm,2614.5110,0.0003054126
G1S_Eu152_25cm,59.5410,0.002772444
G1S_Eu152_25cm,80.9970,0.003134299
G1S_Eu152_25cm,121.7820,0.003067634
G1S_Eu152_25cm,238.6320,0.002789831
G1S_Eu152_25cm,302.8510,0.00244027
G1S_Eu152_25cm,344.2790,0.002208708
G1S_Eu152_25cm,356.0130,0.002159463
G1S_Eu152_25cm,583.1870,0.001412106
G1S_Eu152_25cm,661.6570,0.001221501
G1S_Eu152_25cm,834.8480,0.0009983515
G1S_Eu152_25cm,898.0420,0.0009063597
G1S_Eu152_25cm,964.0790,0.0008293017
G1S_Eu152_25cm,1085.8690,0.0007767922
G1S_Eu152_25cm,1112.0690,0.0007767083
G1S_Eu152_25cm,1173.2280,0.0006946485
G1S_Eu152_25cm,1274.5370,0.000672327
G1S_Eu152_25cm,1332.4920,0.0006198122
G1S_Eu152_25cm,1408.0060,0.0006238686
G1S_Eu152_25cm,1836.0630,0.0004509345
G1S_Eu152_25cm,2614.5110,0.0003054126
G1S_Eu152_5cm,59.5410,0.04462078
G1S_Eu152_5cm,80.9980,0.04571469
G1S_Eu152_5cm,88.0340,0.04273808
G1S_Eu152_5cm,121.7820,0.04137813
G1S_Eu152_5cm,122.0610,0.04298577
G1S_Eu152_5cm,238.6320,0.02839861
G1S_Eu152_5cm,244.6970,0.03331484
G1S_Eu152_5cm,302.8510,0.02577367
G1S_Eu152_5cm,344.2790,0.02504321
G1S_Eu152_5cm,356.0130,0.02340067
G1S_Eu152_5cm,583.1870,0.01471679
G1S_Eu152_5cm,661.6570,0.013742
G1S_Eu152_5cm,727.3300,0.01212129
G1S_Eu152_5cm,834.8480,0.01129982
G1S_Eu152_5cm,860.5570,0.01021314
G1S_Eu152_5cm,898.0420,0.009998491
G1S_Eu152_5cm,964.0570,0.01023209
G1S_Eu152_5cm,1115.5390,0.008189508
G1S_Eu152_5cm,1173.2280,0.006513874
G1S_Eu152_5cm,1274.5370,0.006655385
G1S_Eu152_5cm,1332.4920,0.00590343
G1S_Eu152_5cm,1408.0130,0.005909987
G1S_Eu152_5cm,1836.0630,0.004787202
G1S_Eu152_5cm,2614.5110,0.003032573
G1S_K40_Denta,238.6320,0.06482699
G1S_K40_Denta,241.9950,0.08536038
G1S_K40_Denta,295.2230,0.04754319
G1S_K40_Denta,338.3200,0.06510581
G1S_K40_Denta,351.9320,0.04406149
G1S_K40_Denta,583.1870,0.02981183
G1S_K40_Denta,609.3200,0.02575861
G1S_K40_Denta,661.6570,0.02443609
G1S_K40_Denta,911.2040,0.02230087
G1S_K40_Denta,1120.2940,0.01668434
G1S_K40_Denta,1460.8220,0.01530646
G1S_K40_Denta,1764.4910,0.009715169
G1S_K40_Denta,2614.5110,0.00694024
G1S_Ra226_Denta,238.6320,0.06482699
G1S_Ra226_Denta,241.9950,0.08536038
G1S_Ra226_Denta,295.2230,0.04754319
G1S_Ra226_Denta,338.3200,0.06510581
G1S_Ra226_Denta,351.9320,0.04406149
G1S_Ra226_Denta,583.1870,0.02981183
G1S_Ra226_Denta,609.3200,0.02575861
G1S_Ra226_Denta,661.6570,0.02443609
G1S_Ra226_Denta,911.2040,0.02230087
G1S_Ra226_Denta,1120.2940,0.01668434
G1S_Ra226_Denta,1460.8220,0.01530646
G1S_Ra226_Denta,1764.4910,0.009715169
G1S_Ra226_Denta,2614.5110,0.00694024
G1S_Ra226_Petri,67.8680,0.05899764
G1S_Ra226_Petri,78.3600,0.07238008
G1S_Ra226_Petri,121.7820,0.1080348
G1S_Ra226_Petri,238.6320,0.09062932
G1S_Ra226_Petri,241.9950,0.1231789
G1S_Ra226_Petri,295.2230,0.06775857
G1S_Ra226_Petri,338.3200,0.07812554
G1S_Ra226_Petri,344.2790,0.05964747
G1S_Ra226_Petri,351.9320,0.06250617
G1S_Ra226_Petri,583.1870,0.04334782
G1S_Ra226_Petri,609.3200,0.03670985
G1S_Ra226_Petri,661.6570,0.03544419
G1S_Ra226_Petri,778.9040,0.0266105
G1S_Ra226_Petri,911.2040,0.03190514
G1S_Ra226_Petri,964.0790,0.02174192
G1S_Ra226_Petri,1085.8690,0.01793317
G1S_Ra226_Petri,1112.0690,0.01874094
G1S_Ra226_Petri,1120.2940,0.02398277
G1S_Ra226_Petri,1157.0200,0.01459107
G1S_Ra226_Petri,1408.0060,0.01538598
G1S_Ra226_Petri,1460.8220,0.01984676
G1S_Ra226_Petri,1764.4910,0.01331256
G1S_Ra226_Petri,2614.5110,0.008785778
G1S_Th228_25cm,59.5410,0.002772444
G1S_Th228_25cm,80.9970,0.003134299
G1S_Th228_25cm,121.7820,0.003067634
G1S_Th228_25cm,238.6320,0.002789831
G1S_Th228_25cm,302.8510,0.00244027
G1S_Th228_25cm,344.2790,0.002208708
G1S_Th228_25cm,356.0130,0.002159463
G1S_Th228_25cm,583.1870,0.001412106
G1S_Th228_25cm,661.6570,0.001221501
G1S_Th228_25cm,834.8480,0.0009983515
G1S_Th228_25cm,898.0420,0.0009063597
G1S_Th228_25cm,964.0790,0.0008293017
G1S_Th228_25cm,1085.8690,0.0007767922
G1S_Th228_25cm,1112.0690,0.0007767083
G1S_Th228_25cm,1173.2280,0.0006946485
G1S_Th228_25cm,1274.5370,0.000672327
G1S_Th228_25cm,1332.4920,0.0006198122
G1S_Th228_25cm,1408.0060,0.0006238686
G1S_Th228_25cm,1836.0630,0.0004509345
G1S_Th228_25cm,2614.5110,0.0003054126
G1S_Th228_5cm,59.5410,0.04462078
G1S_Th228_5cm,80.9980,0.04571469
G1S_Th228_5cm,88.0340,0.04273808
G1S_Th228_5cm,121.7820,0.04137813
G1S_Th228_5cm,122.0610,0.04298577
G1S_Th228_5cm,238.6320,0.02839861
G1S_Th228_5cm,244.6970,0.03331484
G1S_Th228_5cm,302.8510,0.02577367
G1S_Th228_5cm,344.2790,0.02504321
G1S_Th228_5cm,356.0130,0.02340067
G1S_Th228_5cm,583.1870,0.01471679
G1S_Th228_5cm,661.6570,0.013742
G1S_Th228_5cm,727.3300,0.01212129
G1S_Th228_5cm,834.8480,0.01129982
G1S_Th228_5cm,860.5570,0.01021314
G1S_Th228_5cm,898.0420,0.009998491
G1S_Th228_5cm,964.0570,0.01023209
G1S_Th228_5cm,1115.5390,0.008189508
G1S_Th228_5cm,1173.2280,0.006513874
G1S_Th228_5cm,1274.5370,0.006655385
G1S_Th228_5cm,1332.4920,0.00590343
G1S_Th228_5cm,1408.0130,0.005909987
G1S_Th228_5cm,1836.0630,0.004787202
G1S_Th228_5cm,2614.5110,0.003032573
G1S_Th232_Denta,238.6320,0.06482699
G1S_Th232_Denta,241.9950,0.08536038
G1S_Th232_Denta,295.2230,0.04754319
G1S_Th232_Denta,338.3200,0.06510581
G1S_Th232_Denta,351.9320,0.04406149
G1S_Th232_Denta,583.1870,0.02981183
G1S_Th232_Denta,609.3200,0.02575861
G1S_Th232_Denta,661.6570,0.02443609
G1S_Th232_Denta,911.2040,0.02230087
G1S_Th232_Denta,1120.2940,0.01668434
G1S_Th232_Denta,1460.8220,0.01530646
G1S_Th232_Denta,1764.4910,0.009715169
G1S_Th232_Denta,2614.5110,0.00694024
G1S_Th232_Marinelli,238.6320,0.04344207
G1S_Th232_Marinelli,241.9950,0.05053376
G1S_Th232_Marinelli,295.2230,0.03246181
G1S_Th232_Marinelli,338.3200,0.03325384
G1S_Th232_Marinelli,351.9320,0.03228445
G1S_Th232_Marinelli,463.0040,0.02750433
G1S_Th232_Marinelli,583.1870,0.02171222
G1S_Th232_Marinelli,609.3200,0.01982829
G1S_Th232_Marinelli,661.6570,0.018713
G1S_Th232_Marinelli,768.3600,0.01633088
G1S_Th232_Marinelli,911.2040,0.01346059
G1S_Th232_Marinelli,1120.2940,0.01374746
G1S_Th232_Marinelli,1460.8220,0.009742536
G1S_Th232_Marinelli,1764.4910,0.008106329
G1S_Th232_Marinelli,2614.5110,0.004713864
G1S_Th232_Petri,67.8680,0.05899764
G1S_Th232_Petri,78.3600,0.07238008
G1S_Th232_Petri,121.7820,0.1080348
G1S_Th232_Petri,238.6320,0.09062932
G1S_Th232_Petri,241.9950,0.1231789
G1S_Th232_Petri,295.2230,0.06775857
G1S_Th232_Petri,338.3200,0.07812554
G1S_Th232_Petri,344.2790,0.05964747
G1S_Th232_Petri,351.9320,0.06250617
G1S_Th232_Petri,583.1870,0.04334782
G1S_Th232_Petri,609.3200,0.03670985
G1S_Th232_Petri,661.6570,0.03544419
G1S_Th232_Petri,778.9040,0.0266105
G1S_Th232_Petri,911.2040,0.03190514
G1S_Th232_Petri,964.0790,0.02174192
G1S_Th232_Petri,1085.8690,0.01793317
G1S_Th232_Petri,1112.0690,0.01874094
G1S_Th232_Petri,1120.2940,0.02398277
G1S_Th232_Petri,1157.0200,0.01459107
G1S_Th232_Petri,1408.0060,0.01538598
G1S_Th232_Petri,1460.8220,0.01984676
G1S_Th232_Petri,1764.4910,0.01331256
G1S_Th232_Petri,2614.5110,0.008785778
ASN16_Am241,20.0,0.00180392
ASN16_Am241,40.0,0.0400862
ASN16_Am241,60.0,0.0553087
ASN16_Am241,80.0,0.06203
ASN16_Am241,100.0,0.0651755
ASN16_Am241,120.0,0.0655808
ASN16_Am241,140.0,0.0639334
ASN16_Am241,160.0,0.0609357
ASN16_Am241,180.0,0.0571834
ASN16_Am241,200.0,0.053116
ASN16_Am241,220.0,0.0490271
ASN16_Am241,240.0,0.0450954
ASN16_Am241,260.0,0.0414189
ASN16_Am241,280.0,0.0380421
ASN16_Am241,300.0,0.0349761
ASN16_Am241,320.0,0.0322124
ASN16_Am241,340.0,0.029732
ASN16_Am241,360.0,0.027511
ASN16_Am241,380.0,0.0255239
ASN16_Am241,400.0,0.0237457
ASN16_Am241,420.0,0.022153
ASN16_Am241,440.0,0.0207243
ASN16_Am241,460.0,0.0194404
ASN16_Am241,480.0,0.018284
ASN16_Am241,500.0,0.0172403
ASN16_Am241,520.0,0.0162959
ASN16_Am241,540.0,0.0154392
ASN16_Am241,560.0,0.0146602
ASN16_Am241,580.0,0.0139501
ASN16_Am241,600.0,0.0133011
ASN16_Am241,620.0,0.0127065
ASN16_Am241,640.0,0.0121604
ASN16_Am241,660.0,0.0116576
ASN16_Am241,680.0,0.0111937
ASN16_Am241,700.0,0.0107647
ASN16_Am241,720.0,0.010367
ASN16_Am241,740.0,0.00999759
ASN16_Am241,760.0,0.00965373
ASN16_Am241,780.0,0.00933299
ASN16_Am241,800.0,0.00903323
ASN16_Am241,820.0,0.00875255
ASN16_Am241,840.0,0.00848924
ASN16_Am241,860.0,0.00824178
ASN16_Am241,880.0,0.00800882
ASN16_Am241,900.0,0.00778915
ASN16_Am241,920.0,0.00758166
ASN16_Am241,940.0,0.00738537
ASN16_Am241,960.0,0.00719941
ASN16_Am241,980.0,0.00702298
ASN16_Am241,1000.0,0.00685534
ASN16_Am241,1020.0,0.00669585
ASN16_Am241,1040.0,0.00654392
ASN16_Am241,1060.0,0.006399
ASN16_Am241,1080.0,0.00626061
ASN16_Am241,1100.0,0.0061283
ASN16_Am241,1120.0,0.00600167
ASN16_Am241,1140.0,0.00588033
ASN16_Am241,1160.0,0.00576396
ASN16_Am241,1180.0,0.00565224
ASN16_Am241,1200.0,0.00554489
ASN16_Am241,1220.0,0.00544163
ASN16_Am241,1240.0,0.00534224
ASN16_Am241,1260.0,0.00524649
ASN16_Am241,1280.0,0.00515417
ASN16_Am241,1300.0,0.00506509
ASN16_Am241,1320.0,0.00497909
ASN16_Am241,1340.0,0.00489599
ASN16_Am241,1360.0,0.00481566
ASN16_Am241,1380.0,0.00473794
ASN16_Am241,1400.0,0.00466272
ASN16_Am241,1420.0,0.00458988
ASN16_Am241,1440.0,0.00451929
ASN16_Am241,1460.0,0.00445086
ASN16_Am241,1480.0,0.0043845
ASN16_Am241,1500.0,0.00432011
ASN16_Am241,1520.0,0.00425761
ASN16_Am241,1540.0,0.00419691
ASN16_Am241,1560.0,0.00413796
ASN16_Am241,1580.0,0.00408067
ASN16_Am241,1600.0,0.00402499
ASN16_Am241,1620.0,0.00397085
ASN16_Am241,1640.0,0.0039182
ASN16_Am241,1660.0,0.00386698
ASN16_Am241,1680.0,0.00381714
ASN16_Am241,1700.0,0.00376864
ASN16_Am241,1720.0,0.00372143
ASN16_Am241,1740.0,0.00367547
ASN16_Am241,1760.0,0.00363072
ASN16_Am241,1780.0,0.00358714
ASN16_Am241,1800.0,0.0035447
ASN16_Am241,1820.0,0.00350335
ASN16_Am241,1840.0,0.00346308
ASN16_Am241,1860.0,0.00342385
ASN16_Am241,1880.0,0.00338563
ASN16_Am241,1900.0,0.0033484
ASN16_Am241,1920.0,0.00331212
ASN16_Am241,1940.0,0.00327678
ASN16_Am241,1960.0,0.00324235
ASN16_Am241,1980.0,0.0032088
ASN16_Am241,2000.0,0.00317612
ASN16_Am241,2020.0,0.00314429
ASN16_Am241,2040.0,0.00311329
ASN16_Am241,2060.0,0.00308309
ASN16_Am241,2080.0,0.00305368
ASN16_Am241,2100.0,0.00302505
ASN16_Am241,2120.0,0.00299717
ASN16_Am241,2140.0,0.00297003
ASN16_Am241,2160.0,0.00294363
ASN16_Am241,2180.0,0.00291793
ASN16_Am241,2200.0,0.00289293
ASN16_Am241,2220.0,0.00286862
ASN16_Am241,2240.0,0.00284499
ASN16_Am241,2260.0,0.00282201
ASN16_Am241,2280.0,0.00279969
ASN16_Am241,2300.0,0.002778
ASN16_Am241,2320.0,0.00275695
ASN16_Am241,2340.0,0.00273651
ASN16_Am241,2360.0,0.00271668
ASN16_Am241,2380.0,0.00269745
ASN16_Am241,2400.0,0.00267881
ASN16_Am241,2420.0,0.00266075
ASN16_Am241,2440.0,0.00264327
ASN16_Am241,2460.0,0.00262635
ASN16_Am241,2480.0,0.00261
ASN16_Am241,2500.0,0.00259419
ASN16_Am241,2520.0,0.00257893
ASN16_Am241,2540.0,0.00256421
ASN16_Am241,2560.0,0.00255002
ASN16_Am241,2580.0,0.00253636
ASN16_Am241,2600.0,0.00252322
ASN16_Am241,2620.0,0.00251059
ASN16_Am241,2640.0,0.00249848
ASN16_Am241,2660.0,0.00248687
ASN16_Am241,2680.0,0.00247576
ASN16_Am241,2700.0,0.00246515
ASN16_Am241,2720.0,0.00245504
ASN16_Am241,2740.0,0.00244541
ASN16_Am241,2760.0,0.00243627
ASN16_Am241,2780.0,0.00242762
ASN16_Am241,2800.0,0.00241945
ASN16_Am241,2820.0,0.00241175
ASN16_Am241,2840.0,0.00240453
ASN16_Am241,2860.0,0.00239778
ASN16_Am241,2880.0,0.00239151
ASN16_Am241,2900.0,0.0023857
ASN16_Am241,2920.0,0.00238037
ASN16_Am241,2940.0,0.0023755
ASN16_Am241,2960.0,0.0023711
ASN16_Am241,2980.0,0.00236716
ASN16_Am241,3000.0,0.00236369
ASN16_Am241,3020.0,0.00236069
ASN16_Background,20.0,0.00180392
ASN16_Background,40.0,0.0400862
ASN16_Background,60.0,0.0553087
ASN16_Background,80.0,0.06203
ASN16_Background,100.0,0.0651755
ASN16_Background,120.0,0.0655808
ASN16_Background,140.0,0.0639334
ASN16_Background,160.0,0.0609357
ASN16_Background,180.0,0.0571834
ASN16_Background,200.0,0.053116
ASN16_Background,220.0,0.0490271
ASN16_Background,240.0,0.0450954
ASN16_Background,260.0,0.0414189
ASN16_Background,280.0,0.0380421
ASN16_Background,300.0,0.0349761
ASN16_Background,320.0,0.0322124
ASN16_Background,340.0,0.029732
ASN16_Background,360.0,0.027511
ASN16_Background,380.0,0.0255239
ASN16_Background,400.0,0.0237457
ASN16_Background,420.0,0.022153
ASN16_Background,440.0,0.0207243
ASN16_Background,460.0,0.0194404
ASN16_Background,480.0,0.018284
ASN16_Background,500.0,0.0172403
ASN16_Background,520.0,0.0162959
ASN16_Background,540.0,0.0154392
ASN16_Background,560.0,0.0146602
ASN16_Background,580.0,0.0139501
ASN16_Background,600.0,0.0133011
ASN16_Background,620.0,0.0127065
ASN16_Background,640.0,0.0121604
ASN16_Background,660.0,0.0116576
ASN16_Background,680.0,0.0111937
ASN16_Background,700.0,0.0107647
ASN16_Background,720.0,0.010367
ASN16_Background,740.0,0.00999759
ASN16_Background,760.0,0.00965373
ASN16_Background,780.0,0.00933299
ASN16_Background,800.0,0.00903323
ASN16_Background,820.0,0.00875255
ASN16_Background,840.0,0.00848924
ASN16_Background,860.0,0.00824178
ASN16_Background,880.0,0.00800882
ASN16_Background,900.0,0.00778915
ASN16_Background,920.0,0.00758166
ASN16_Background,940.0,0.00738537
ASN16_Background,960.0,0.00719941
ASN16_Background,980.0,0.00702298
ASN16_Background,1000.0,0.00685534
ASN16_Background,1020.0,0.00669585
ASN16_Background,1040.0,0.00654392
ASN16_Background,1060.0,0.006399
ASN16_Background,1080.0,0.00626061
ASN16_Background,1100.0,0.0061283
ASN16_Background,1120.0,0.00600167
ASN16_Background,1140.0,0.00588033
ASN16_Background,1160.0,0.00576396
ASN16_Background,1180.0,0.00565224
ASN16_Background,1200.0,0.00554489
ASN16_Background,1220.0,0.00544163
ASN16_Background,1240.0,0.00534224
ASN16_Background,1260.0,0.00524649
ASN16_Background,1280.0,0.00515417
ASN16_Background,1300.0,0.00506509
ASN16_Background,1320.0,0.00497909
ASN16_Background,1340.0,0.00489599
ASN16_Background,1360.0,0.00481566
ASN16_Background,1380.0,0.00473794
ASN16_Background,1400.0,0.00466272
ASN16_Background,1420.0,0.00458988
ASN16_Background,1440.0,0.00451929
ASN16_Background,1460.0,0.00445086
ASN16_Background,1480.0,0.0043845
ASN16_Background,1500.0,0.00432011
ASN16_Background,1520.0,0.00425761
ASN16_Background,1540.0,0.00419691
ASN16_Background,1560.0,0.00413796
ASN16_Background,1580.0,0.00408067
ASN16_Background,1600.0,0.00402499
ASN16_Background,1620.0,0.00397085
ASN16_Background,1640.0,0.0039182
ASN16_Background,1660.0,0.00386698
ASN16_Background,1680.0,0.00381714
ASN16_Background,1700.0,0.00376864
ASN16_Background,1720.0,0.00372143
ASN16_Background,1740.0,0.00367547
ASN16_Background,1760.0,0.00363072
ASN16_Background,1780.0,0.00358714
ASN16_Background,1800.0,0.0035447
ASN16_Background,1820.0,0.00350335
ASN16_Background,1840.0,0.00346308
ASN16_Background,1860.0,0.00342385
ASN16_Background,1880.0,0.00338563
ASN16_Background,1900.0,0.0033484
ASN16_Background,1920.0,0.00331212
ASN16_Background,1940.0,0.00327678
ASN16_Background,1960.0,0.00324235
ASN16_Background,1980.0,0.0032088
ASN16_Background,2000.0,0.00317612
ASN16_Background,2020.0,0.00314429
ASN16_Background,2040.0,0.00311329
ASN16_Background,2060.0,0.00308309
ASN16_Background,2080.0,0.00305368
ASN16_Background,2100.0,0.00302505
ASN16_Background,2120.0,0.00299717
ASN16_Background,2140.0,0.00297003
ASN16_Background,2160.0,0.00294363
ASN16_Background,2180.0,0.00291793
ASN16_Background,2200.0,0.00289293
ASN16_Background,2220.0,0.00286862
ASN16_Background,2240.0,0.00284499
ASN16_Background,2260.0,0.00282201
ASN16_Background,2280.0,0.00279969
ASN16_Background,2300.0,0.002778
ASN16_Background,2320.0,0.00275695
ASN16_Background,2340.0,0.00273651
ASN16_Background,2360.0,0.00271668
ASN16_Background,2380.0,0.00269745
ASN16_Background,2400.0,0.00267881
ASN16_Background,2420.0,0.00266075
ASN16_Background,2440.0,0.00264327
ASN16_Background,2460.0,0.00262635
ASN16_Background,2480.0,0.00261
ASN16_Background,2500.0,0.00259419
ASN16_Background,2520.0,0.00257893
ASN16_Background,2540.0,0.00256421
ASN16_Background,2560.0,0.00255002
ASN16_Background,2580.0,0.00253636
ASN16_Background,2600.0,0.00252322
ASN16_Background,2620.0,0.00251059
ASN16_Background,2640.0,0.00249848
ASN16_Background,2660.0,0.00248687
ASN16_Background,2680.0,0.00247576
ASN16_Background,2700.0,0.00246515
ASN16_Background,2720.0,0.00245504
ASN16_Background,2740.0,0.00244541
ASN16_Background,2760.0,0.00243627
ASN16_Background,2780.0,0.00242762
ASN16_Background,2800.0,0.00241945
ASN16_Background,2820.0,0.00241175
ASN16_Background,2840.0,0.00240453
ASN16_Background,2860.0,0.00239778
ASN16_Background,2880.0,0.00239151
ASN16_Background,2900.0,0.0023857
ASN16_Background,2920.0,0.00238037
ASN16_Background,2940.0,0.0023755
ASN16_Background,2960.0,0.0023711
ASN16_Background,2980.0,0.00236716
ASN16_Background,3000.0,0.00236369
ASN16_Background,3020.0,0.00236069
ASN16_BrazilNuts,20.0,0.00180392
ASN16_BrazilNuts,40.0,0.0400862
ASN16_BrazilNuts,60.0,0.0553087
ASN16_BrazilNuts,80.0,0.06203
ASN16_BrazilNuts,100.0,0.0651755
ASN16_BrazilNuts,120.0,0.0655808
ASN16_BrazilNuts,140.0,0.0639334
ASN16_BrazilNuts,160.0,0.0609357
ASN16_BrazilNuts,180.0,0.0571834
ASN16_BrazilNuts,200.0,0.053116
ASN16_BrazilNuts,220.0,0.0490271
ASN16_BrazilNuts,240.0,0.0450954
ASN16_BrazilNuts,260.0,0.0414189
ASN16_BrazilNuts,280.0,0.0380421
ASN16_BrazilNuts,300.0,0.0349761
ASN16_BrazilNuts,320.0,0.0322124
ASN16_BrazilNuts,340.0,0.029732
ASN16_BrazilNuts,360.0,0.027511
ASN16_BrazilNuts,380.0,0.0255239
ASN16_BrazilNuts,400.0,0.0237457
ASN16_BrazilNuts,420.0,0.022153
ASN16_BrazilNuts,440.0,0.0207243
ASN16_BrazilNuts,460.0,0.0194404
ASN16_BrazilNuts,480.0,0.018284
ASN16_BrazilNuts,500.0,0.0172403
ASN16_BrazilNuts,520.0,0.0162959
ASN16_BrazilNuts,540.0,0.0154392
ASN16_BrazilNuts,560.0,0.0146602
ASN16_BrazilNuts,580.0,0.0139501
ASN16_BrazilNuts,600.0,0.0133011
ASN16_BrazilNuts,620.0,0.0127065
ASN16_BrazilNuts,640.0,0.0121604
ASN16_BrazilNuts,660.0,0.0116576
ASN16_BrazilNuts,680.0,0.0111937
ASN16_BrazilNuts,700.0,0.0107647
ASN16_BrazilNuts,720.0,0.010367
ASN16_BrazilNuts,740.0,0.00999759
ASN16_BrazilNuts,760.0,0.00965373
ASN16_BrazilNuts,780.0,0.00933299
ASN16_BrazilNuts,800.0,0.00903323
ASN16_BrazilNuts,820.0,0.00875255
ASN16_BrazilNuts,840.0,0.00848924
ASN16_BrazilNuts,860.0,0.00824178
ASN16_BrazilNuts,880.0,0.00800882
ASN16_BrazilNuts,900.0,0.00778915
ASN16_BrazilNuts,920.0,0.00758166
ASN16_BrazilNuts,940.0,0.00738537
ASN16_BrazilNuts,960.0,0.00719941
ASN16_BrazilNuts,980.0,0.00702298
ASN16_BrazilNuts,1000.0,0.00685534
ASN16_BrazilNuts,1020.0,0.00669585
ASN16_BrazilNuts,1040.0,0.00654392
ASN16_BrazilNuts,1060.0,0.006399
ASN16_BrazilNuts,1080.0,0.00626061
ASN16_BrazilNuts,1100.0,0.0061283
ASN16_BrazilNuts,1120.0,0.00600167
ASN16_BrazilNuts,1140.0,0.00588033
ASN16_BrazilNuts,1160.0,0.00576396
ASN16_BrazilNuts,1180.0,0.00565224
ASN16_BrazilNuts,1200.0,0.00554489
ASN16_BrazilNuts,1220.0,0.00544163
ASN16_BrazilNuts,1240.0,0.00534224
ASN16_BrazilNuts,1260.0,0.00524649
ASN16_BrazilNuts,1280.0,0.00515417
ASN16_BrazilNuts,1300.0,0.00506509
ASN16_BrazilNuts,1320.0,0.00497909
ASN16_BrazilNuts,1340.0,0.00489599
ASN16_BrazilNuts,1360.0,0.00481566
ASN16_BrazilNuts,1380.0,0.00473794
ASN16_BrazilNuts,1400.0,0.00466272
ASN16_BrazilNuts,1420.0,0.00458988
ASN16_BrazilNuts,1440.0,0.00451929
ASN16_BrazilNuts,1460.0,0.00445086
ASN16_BrazilNuts,1480.0,0.0043845
ASN16_BrazilNuts,1500.0,0.00432011
ASN16_BrazilNuts,1520.0,0.00425761
ASN16_BrazilNuts,1540.0,0.00419691
ASN16_BrazilNuts,1560.0,0.00413796
ASN16_BrazilNuts,1580.0,0.00408067
ASN16_BrazilNuts,1600.0,0.00402499
ASN16_BrazilNuts,1620.0,0.00397085
ASN16_BrazilNuts,1640.0,0.0039182
ASN16_BrazilNuts,1660.0,0.00386698
ASN16_BrazilNuts,1680.0,0.00381714
ASN16_BrazilNuts,1700.0,0.00376864
ASN16_BrazilNuts,1720.0,0.00372143
ASN16_BrazilNuts,1740.0,0.00367547
ASN16_BrazilNuts,1760.0,0.00363072
ASN16_BrazilNuts,1780.0,0.00358714
ASN16_BrazilNuts,1800.0,0.0035447
ASN16_BrazilNuts,1820.0,0.00350335
ASN16_BrazilNuts,1840.0,0.00346308
ASN16_BrazilNuts,1860.0,0.00342385
ASN16_BrazilNuts,1880.0,0.00338563
ASN16_BrazilNuts,1900.0,0.0033484
ASN16_BrazilNuts,1920.0,0.00331212
ASN16_BrazilNuts,1940.0,0.00327678
ASN16_BrazilNuts,1960.0,0.00324235
ASN16_BrazilNuts,1980.0,0.0032088
ASN16_BrazilNuts,2000.0,0.00317612
ASN16_BrazilNuts,2020.0,0.00314429
ASN16_BrazilNuts,2040.0,0.00311329
ASN16_BrazilNuts,2060.0,0.00308309
ASN16_BrazilNuts,2080.0,0.00305368
ASN16_BrazilNuts,2100.0,0.00302505
ASN16_BrazilNuts,2120.0,0.00299717
ASN16_BrazilNuts,2140.0,0.00297003
ASN16_BrazilNuts,2160.0,0.00294363
ASN16_BrazilNuts,2180.0,0.00291793
ASN16_BrazilNuts,2200.0,0.00289293
ASN16_BrazilNuts,2220.0,0.00286862
ASN16_BrazilNuts,2240.0,0.00284499
ASN16_BrazilNuts,2260.0,0.00282201
ASN16_BrazilNuts,2280.0,0.00279969
ASN16_BrazilNuts,2300.0,0.002778
ASN16_BrazilNuts,2320.0,0.00275695
ASN16_BrazilNuts,2340.0,0.00273651
ASN16_BrazilNuts,2360.0,0.00271668
ASN16_BrazilNuts,2380.0,0.00269745
ASN16_BrazilNuts,2400.0,0.00267881
ASN16_BrazilNuts,2420.0,0.00266075
ASN16_BrazilNuts,2440.0,0.00264327
ASN16_BrazilNuts,2460.0,0.00262635
ASN16_BrazilNuts,2480.0,0.00261
ASN16_BrazilNuts,2500.0,0.00259419
ASN16_BrazilNuts,2520.0,0.00257893
ASN16_BrazilNuts,2540.0,0.00256421
ASN16_BrazilNuts,2560.0,0.00255002
ASN16_BrazilNuts,2580.0,0.00253636
ASN16_BrazilNuts,2600.0,0.00252322
ASN16_BrazilNuts,2620.0,0.00251059
ASN16_BrazilNuts,2640.0,0.00249848
ASN16_BrazilNuts,2660.0,0.00248687
ASN16_BrazilNuts,2680.0,0.00247576
ASN16_BrazilNuts,2700.0,0.00246515
ASN16_BrazilNuts,2720.0,0.00245504
ASN16_BrazilNuts,2740.0,0.00244541
ASN16_BrazilNuts,2760.0,0.00243627
ASN16_BrazilNuts,2780.0,0.00242762
ASN16_BrazilNuts,2800.0,0.00241945
ASN16_BrazilNuts,2820.0,0.00241175
ASN16_BrazilNuts,2840.0,0.00240453
ASN16_BrazilNuts,2860.0,0.00239778
ASN16_BrazilNuts,2880.0,0.00239151
ASN16_BrazilNuts,2900.0,0.0023857
ASN16_BrazilNuts,2920.0,0.00238037
ASN16_BrazilNuts,2940.0,0.0023755
ASN16_BrazilNuts,2960.0,0.0023711
ASN16_BrazilNuts,2980.0,0.00236716
ASN16_BrazilNuts,3000.0,0.00236369
ASN16_BrazilNuts,3020.0,0.00236069
ASN16_Charoite,20.0,0.00180392
ASN16_Charoite,40.0,0.0400862
ASN16_Charoite,60.0,0.0553087
ASN16_Charoite,80.0,0.06203
ASN16_Charoite,100.0,0.0651755
ASN16_Charoite,120.0,0.0655808
ASN16_Charoite,140.0,0.0639334
ASN16_Charoite,160.0,0.0609357
ASN16_Charoite,180.0,0.0571834
ASN16_Charoite,200.0,0.053116
ASN16_Charoite,220.0,0.0490271
ASN16_Charoite,240.0,0.0450954
ASN16_Charoite,260.0,0.0414189
ASN16_Charoite,280.0,0.0380421
ASN16_Charoite,300.0,0.0349761
ASN16_Charoite,320.0,0.0322124
ASN16_Charoite,340.0,0.029732
ASN16_Charoite,360.0,0.027511
ASN16_Charoite,380.0,0.0255239
ASN16_Charoite,400.0,0.0237457
ASN16_Charoite,420.0,0.022153
ASN16_Charoite,440.0,0.0207243
ASN16_Charoite,460.0,0.0194404
ASN16_Charoite,480.0,0.018284
ASN16_Charoite,500.0,0.0172403
ASN16_Charoite,520.0,0.0162959
ASN16_Charoite,540.0,0.0154392
ASN16_Charoite,560.0,0.0146602
ASN16_Charoite,580.0,0.0139501
ASN16_Charoite,600.0,0.0133011
ASN16_Charoite,620.0,0.0127065
ASN16_Charoite,640.0,0.0121604
ASN16_Charoite,660.0,0.0116576
ASN16_Charoite,680.0,0.0111937
ASN16_Charoite,700.0,0.0107647
ASN16_Charoite,720.0,0.010367
ASN16_Charoite,740.0,0.00999759
ASN16_Charoite,760.0,0.00965373
ASN16_Charoite,780.0,0.00933299
ASN16_Charoite,800.0,0.00903323
ASN16_Charoite,820.0,0.00875255
ASN16_Charoite,840.0,0.00848924
ASN16_Charoite,860.0,0.00824178
ASN16_Charoite,880.0,0.00800882
ASN16_Charoite,900.0,0.00778915
ASN16_Charoite,920.0,0.00758166
ASN16_Charoite,940.0,0.00738537
ASN16_Charoite,960.0,0.00719941
ASN16_Charoite,980.0,0.00702298
ASN16_Charoite,1000.0,0.00685534
ASN16_Charoite,1020.0,0.00669585
ASN16_Charoite,1040.0,0.00654392
ASN16_Charoite,1060.0,0.006399
ASN16_Charoite,1080.0,0.00626061
ASN16_Charoite,1100.0,0.0061283
ASN16_Charoite,1120.0,0.00600167
ASN16_Charoite,1140.0,0.00588033
ASN16_Charoite,1160.0,0.00576396
ASN16_Charoite,1180.0,0.00565224
ASN16_Charoite,1200.0,0.00554489
ASN16_Charoite,1220.0,0.00544163
ASN16_Charoite,1240.0,0.00534224
ASN16_Charoite,1260.0,0.00524649
ASN16_Charoite,1280.0,0.00515417
ASN16_Charoite,1300.0,0.00506509
ASN16_Charoite,1320.0,0.00497909
ASN16_Charoite,1340.0,0.00489599
ASN16_Charoite,1360.0,0.00481566
ASN16_Charoite,1380.0,0.00473794
ASN16_Charoite,1400.0,0.00466272
ASN16_Charoite,1420.0,0.00458988
ASN16_Charoite,1440.0,0.00451929
ASN16_Charoite,1460.0,0.00445086
ASN16_Charoite,1480.0,0.0043845
ASN16_Charoite,1500.0,0.00432011
ASN16_Charoite,1520.0,0.00425761
ASN16_Charoite,1540.0,0.00419691
ASN16_Charoite,1560.0,0.00413796
ASN16_Charoite,1580.0,0.00408067
ASN16_Charoite,1600.0,0.00402499
ASN16_Charoite,1620.0,0.00397085
ASN16_Charoite,1640.0,0.0039182
ASN16_Charoite,1660.0,0.00386698
ASN16_Charoite,1680.0,0.00381714
ASN16_Charoite,1700.0,0.00376864
ASN16_Charoite,1720.0,0.00372143
ASN16_Charoite,1740.0,0.00367547
ASN16_Charoite,1760.0,0.00363072
ASN16_Charoite,1780.0,0.00358714
ASN16_Charoite,1800.0,0.0035447
ASN16_Charoite,1820.0,0.00350335
ASN16_Charoite,1840.0,0.00346308
ASN16_Charoite,1860.0,0.00342385
ASN16_Charoite,1880.0,0.00338563
ASN16_Charoite,1900.0,0.0033484
ASN16_Charoite,1920.0,0.00331212
ASN16_Charoite,1940.0,0.00327678
ASN16_Charoite,1960.0,0.00324235
ASN16_Charoite,1980.0,0.0032088
ASN16_Charoite,2000.0,0.00317612
ASN16_Charoite,2020.0,0.00314429
ASN16_Charoite,2040.0,0.00311329
ASN16_Charoite,2060.0,0.00308309
ASN16_Charoite,2080.0,0.00305368
ASN16_Charoite,2100.0,0.00302505
ASN16_Charoite,2120.0,0.00299717
ASN16_Charoite,2140.0,0.00297003
ASN16_Charoite,2160.0,0.00294363
ASN16_Charoite,2180.0,0.00291793
ASN16_Charoite,2200.0,0.00289293
ASN16_Charoite,2220.0,0.00286862
ASN16_Charoite,2240.0,0.00284499
ASN16_Charoite,2260.0,0.00282201
ASN16_Charoite,2280.0,0.00279969
ASN16_Charoite,2300.0,0.002778
ASN16_Charoite,2320.0,0.00275695
ASN16_Charoite,2340.0,0.00273651
ASN16_Charoite,2360.0,0.00271668
ASN16_Charoite,2380.0,0.00269745
ASN16_Charoite,2400.0,0.00267881
ASN16_Charoite,2420.0,0.00266075
ASN16_Charoite,2440.0,0.00264327
ASN16_Charoite,2460.0,0.00262635
ASN16_Charoite,2480.0,0.00261
ASN16_Charoite,2500.0,0.00259419
ASN16_Charoite,2520.0,0.00257893
ASN16_Charoite,2540.0,0.00256421
ASN16_Charoite,2560.0,0.00255002
ASN16_Charoite,2580.0,0.00253636
ASN16_Charoite,2600.0,0.00252322
ASN16_Charoite,2620.0,0.00251059
ASN16_Charoite,2640.0,0.00249848
ASN16_Charoite,2660.0,0.00248687
ASN16_Charoite,2680.0,0.00247576
ASN16_Charoite,2700.0,0.00246515
ASN16_Charoite,2720.0,0.00245504
ASN16_Charoite,2740.0,0.00244541
ASN16_Charoite,2760.0,0.00243627
ASN16_Charoite,2780.0,0.00242762
ASN16_Charoite,2800.0,0.00241945
ASN16_Charoite,2820.0,0.00241175
ASN16_Charoite,2840.0,0.00240453
ASN16_Charoite,2860.0,0.00239778
ASN16_Charoite,2880.0,0.00239151
ASN16_Charoite,2900.0,0.0023857
ASN16_Charoite,2920.0,0.00238037
ASN16_Charoite,2940.0,0.0023755
ASN16_Charoite,2960.0,0.0023711
ASN16_Charoite,2980.0,0.00236716
ASN16_Charoite,3000.0,0.00236369
ASN16_Charoite,3020.0,0.00236069
ASN16_Charoite_v2,20.0,0.00180392
ASN16_Charoite_v2,40.0,0.0400862
ASN16_Charoite_v2,60.0,0.0553087
ASN16_Charoite_v2,80.0,0.06203
ASN16_Charoite_v2,100.0,0.0651755
ASN16_Charoite_v2,120.0,0.0655808
ASN16_Charoite_v2,140.0,0.0639334
ASN16_Charoite_v2,160.0,0.0609357
ASN16_Charoite_v2,180.0,0.0571834
ASN16_Charoite_v2,200.0,0.053116
ASN16_Charoite_v2,220.0,0.0490271
ASN16_Charoite_v2,240.0,0.0450954
ASN16_Charoite_v2,260.0,0.0414189
ASN16_Charoite_v2,280.0,0.0380421
ASN16_Charoite_v2,300.0,0.0349761
ASN16_Charoite_v2,320.0,0.0322124
ASN16_Charoite_v2,340.0,0.029732
ASN16_Charoite_v2,360.0,0.027511
ASN16_Charoite_v2,380.0,0.0255239
ASN16_Charoite_v2,400.0,0.0237457
ASN16_Charoite_v2,420.0,0.022153
ASN16_Charoite_v2,440.0,0.0207243
ASN16_Charoite_v2,460.0,0.0194404
ASN16_Charoite_v2,480.0,0.018284
ASN16_Charoite_v2,500.0,0.0172403
ASN16_Charoite_v2,520.0,0.0162959
ASN16_Charoite_v2,540.0,0.0154392
ASN16_Charoite_v2,560.0,0.0146602
ASN16_Charoite_v2,580.0,0.0139501
ASN16_Charoite_v2,600.0,0.0133011
ASN16_Charoite_v2,620.0,0.0127065
ASN16_Charoite_v2,640.0,0.0121604
ASN16_Charoite_v2,660.0,0.0116576
ASN16_Charoite_v2,680.0,0.0111937
ASN16_Charoite_v2,700.0,0.0107647
ASN16_Charoite_v2,720.0,0.010367
ASN16_Charoite_v2,740.0,0.00999759
ASN16_Charoite_v2,760.0,0.00965373
ASN16_Charoite_v2,780.0,0.00933299
ASN16_Charoite_v2,800.0,0.00903323
ASN16_Charoite_v2,820.0,0.00875255
ASN16_Charoite_v2,840.0,0.00848924
ASN16_Charoite_v2,860.0,0.00824178
ASN16_Charoite_v2,880.0,0.00800882
ASN16_Charoite_v2,900.0,0.00778915
ASN16_Charoite_v2,920.0,0.00758166
ASN16_Charoite_v2,940.0,0.00738537
ASN16_Charoite_v2,960.0,0.00719941
ASN16_Charoite_v2,980.0,0.00702298
ASN16_Charoite_v2,1000.0,0.00685534
ASN16_Charoite_v2,1020.0,0.00669585
ASN16_Charoite_v2,1040.0,0.00654392
ASN16_Charoite_v2,1060.0,0.006399
ASN16_Charoite_v2,1080.0,0.00626061
ASN16_Charoite_v2,1100.0,0.0061283
ASN16_Charoite_v2,1120.0,0.00600167
ASN16_Charoite_v2,1140.0,0.00588033
ASN16_Charoite_v2,1160.0,0.00576396
ASN16_Charoite_v2,1180.0,0.00565224
ASN16_Charoite_v2,1200.0,0.00554489
ASN16_Charoite_v2,1220.0,0.00544163
ASN16_Charoite_v2,1240.0,0.00534224
ASN16_Charoite_v2,1260.0,0.00524649
ASN16_Charoite_v2,1280.0,0.00515417
ASN16_Charoite_v2,1300.0,0.00506509
ASN16_Charoite_v2,1320.0,0.00497909
ASN16_Charoite_v2,1340.0,0.00489599
ASN16_Charoite_v2,1360.0,0.00481566
ASN16_Charoite_v2,1380.0,0.00473794
ASN16_Charoite_v2,1400.0,0.00466272
ASN16_Charoite_v2,1420.0,0.00458988
ASN16_Charoite_v2,1440.0,0.00451929
ASN16_Charoite_v2,1460.0,0.00445086
ASN16_Charoite_v2,1480.0,0.0043845
ASN16_Charoite_v2,1500.0,0.00432011
ASN16_Charoite_v2,1520.0,0.00425761
ASN16_Charoite_v2,1540.0,0.00419691
ASN16_Charoite_v2,1560.0,0.00413796
ASN16_Charoite_v2,1580.0,0.00408067
ASN16_Charoite_v2,1600.0,0.00402499
ASN16_Charoite_v2,1620.0,0.00397085
ASN16_Charoite_v2,1640.0,0.0039182
ASN16_Charoite_v2,1660.0,0.00386698
ASN16_Charoite_v2,1680.0,0.00381714
ASN16_Charoite_v2,1700.0,0.00376864
ASN16_Charoite_v2,1720.0,0.00372143
ASN16_Charoite_v2,1740.0,0.00367547
ASN16_Charoite_v2,1760.0,0.00363072
ASN16_Charoite_v2,1780.0,0.00358714
ASN16_Charoite_v2,1800.0,0.0035447
ASN16_Charoite_v2,1820.0,0.00350335
ASN16_Charoite_v2,1840.0,0.00346308
ASN16_Charoite_v2,1860.0,0.00342385
ASN16_Charoite_v2,1880.0,0.00338563
ASN16_Charoite_v2,1900.0,0.0033484
ASN16_Charoite_v2,1920.0,0.00331212
ASN16_Charoite_v2,1940.0,0.00327678
ASN16_Charoite_v2,1960.0,0.00324235
ASN16_Charoite_v2,1980.0,0.0032088
ASN16_Charoite_v2,2000.0,0.00317612
ASN16_Charoite_v2,2020.0,0.00314429
ASN16_Charoite_v2,2040.0,0.00311329
ASN16_Charoite_v2,2060.0,0.00308309
ASN16_Charoite_v2,2080.0,0.00305368
ASN16_Charoite_v2,2100.0,0.00302505
ASN16_Charoite_v2,2120.0,0.00299717
ASN16_Charoite_v2,2140.0,0.00297003
ASN16_Charoite_v2,2160.0,0.00294363
ASN16_Charoite_v2,2180.0,0.00291793
ASN16_Charoite_v2,2200.0,0.00289293
ASN16_Charoite_v2,2220.0,0.00286862
ASN16_Charoite_v2,2240.0,0.00284499
ASN16_Charoite_v2,2260.0,0.00282201
ASN16_Charoite_v2,2280.0,0.00279969
ASN16_Charoite_v2,2300.0,0.002778
ASN16_Charoite_v2,2320.0,0.00275695
ASN16_Charoite_v2,2340.0,0.00273651
ASN16_Charoite_v2,2360.0,0.00271668
ASN16_Charoite_v2,2380.0,0.00269745
ASN16_Charoite_v2,2400.0,0.00267881
ASN16_Charoite_v2,2420.0,0.00266075
ASN16_Charoite_v2,2440.0,0.00264327
ASN16_Charoite_v2,2460.0,0.00262635
ASN16_Charoite_v2,2480.0,0.00261
ASN16_Charoite_v2,2500.0,0.00259419
ASN16_Charoite_v2,2520.0,0.00257893
ASN16_Charoite_v2,2540.0,0.00256421
ASN16_Charoite_v2,2560.0,0.00255002
ASN16_Charoite_v2,2580.0,0.00253636
ASN16_Charoite_v2,2600.0,0.00252322
ASN16_Charoite_v2,2620.0,0.00251059
ASN16_Charoite_v2,2640.0,0.00249848
ASN16_Charoite_v2,2660.0,0.00248687
ASN16_Charoite_v2,2680.0,0.00247576
ASN16_Charoite_v2,2700.0,0.00246515
ASN16_Charoite_v2,2720.0,0.00245504
ASN16_Charoite_v2,2740.0,0.00244541
ASN16_Charoite_v2,2760.0,0.00243627
ASN16_Charoite_v2,2780.0,0.00242762
ASN16_Charoite_v2,2800.0,0.00241945
ASN16_Charoite_v2,2820.0,0.00241175
ASN16_Charoite_v2,2840.0,0.00240453
ASN16_Charoite_v2,2860.0,0.00239778
ASN16_Charoite_v2,2880.0,0.00239151
ASN16_Charoite_v2,2900.0,0.0023857
ASN16_Charoite_v2,2920.0,0.00238037
ASN16_Charoite_v2,2940.0,0.0023755
ASN16_Charoite_v2,2960.0,0.0023711
ASN16_Charoite_v2,2980.0,0.00236716
ASN16_Charoite_v2,3000.0,0.00236369
ASN16_Charoite_v2,3020.0,0.00236069
ASN16_Cs137,20.0,0.00180392
ASN16_Cs137,40.0,0.0400862
ASN16_Cs137,60.0,0.0553087
ASN16_Cs137,80.0,0.06203
ASN16_Cs137,100.0,0.0651755
ASN16_Cs137,120.0,0.0655808
ASN16_Cs137,140.0,0.0639334
ASN16_Cs137,160.0,0.0609357
ASN16_Cs137,180.0,0.0571834
ASN16_Cs137,200.0,0.053116
ASN16_Cs137,220.0,0.0490271
ASN16_Cs137,240.0,0.0450954
ASN16_Cs137,260.0,0.0414189
ASN16_Cs137,280.0,0.0380421
ASN16_Cs137,300.0,0.0349761
ASN16_Cs137,320.0,0.0322124
ASN16_Cs137,340.0,0.029732
ASN16_Cs137,360.0,0.027511
ASN16_Cs137,380.0,0.0255239
ASN16_Cs137,400.0,0.0237457
ASN16_Cs137,420.0,0.022153
ASN16_Cs137,440.0,0.0207243
ASN16_Cs137,460.0,0.0194404
ASN16_Cs137,480.0,0.018284
ASN16_Cs137,500.0,0.0172403
ASN16_Cs137,520.0,0.0162959
ASN16_Cs137,540.0,0.0154392
ASN16_Cs137,560.0,0.0146602
ASN16_Cs137,580.0,0.0139501
ASN16_Cs137,600.0,0.0133011
ASN16_Cs137,620.0,0.0127065
ASN16_Cs137,640.0,0.0121604
ASN16_Cs137,660.0,0.0116576
ASN16_Cs137,680.0,0.0111937
ASN16_Cs137,700.0,0.0107647
ASN16_Cs137,720.0,0.010367
ASN16_Cs137,740.0,0.00999759
ASN16_Cs137,760.0,0.00965373
ASN16_Cs137,780.0,0.00933299
ASN16_Cs137,800.0,0.00903323
ASN16_Cs137,820.0,0.00875255
ASN16_Cs137,840.0,0.00848924
ASN16_Cs137,860.0,0.00824178
ASN16_Cs137,880.0,0.00800882
ASN16_Cs137,900.0,0.00778915
ASN16_Cs137,920.0,0.00758166
ASN16_Cs137,940.0,0.00738537
ASN16_Cs137,960.0,0.00719941
ASN16_Cs137,980.0,0.00702298
ASN16_Cs137,1000.0,0.00685534
ASN16_Cs137,1020.0,0.00669585
ASN16_Cs137,1040.0,0.00654392
ASN16_Cs137,1060.0,0.006399
ASN16_Cs137,1080.0,0.00626061
ASN16_Cs137,1100.0,0.0061283
ASN16_Cs137,1120.0,0.00600167
ASN16_Cs137,1140.0,0.00588033
ASN16_Cs137,1160.0,0.00576396
ASN16_Cs137,1180.0,0.00565224
ASN16_Cs137,1200.0,0.00554489
ASN16_Cs137,1220.0,0.00544163
ASN16_Cs137,1240.0,0.00534224
ASN16_Cs137,1260.0,0.00524649
ASN16_Cs137,1280.0,0.00515417
ASN16_Cs137,1300.0,0.00506509
ASN16_Cs137,1320.0,0.00497909
ASN16_Cs137,1340.0,0.00489599
ASN16_Cs137,1360.0,0.00481566
ASN16_Cs137,1380.0,0.00473794
ASN16_Cs137,1400.0,0.00466272
ASN16_Cs137,1420.0,0.00458988
ASN16_Cs137,1440.0,0.00451929
ASN16_Cs137,1460.0,0.00445086
ASN16_Cs137,1480.0,0.0043845
ASN16_Cs137,1500.0,0.00432011
ASN16_Cs137,1520.0,0.00425761
ASN16_Cs137,1540.0,0.00419691
ASN16_Cs137,1560.0,0.00413796
ASN16_Cs137,1580.0,0.00408067
ASN16_Cs137,1600.0,0.00402499
ASN16_Cs137,1620.0,0.00397085
ASN16_Cs137,1640.0,0.0039182
ASN16_Cs137,1660.0,0.00386698
ASN16_Cs137,1680.0,0.00381714
ASN16_Cs137,1700.0,0.00376864
ASN16_Cs137,1720.0,0.00372143
ASN16_Cs137,1740.0,0.00367547
ASN16_Cs137,1760.0,0.00363072
ASN16_Cs137,1780.0,0.00358714
ASN16_Cs137,1800.0,0.0035447
ASN16_Cs137,1820.0,0.00350335
ASN16_Cs137,1840.0,0.00346308
ASN16_Cs137,1860.0,0.00342385
ASN16_Cs137,1880.0,0.00338563
ASN16_Cs137,1900.0,0.0033484
ASN16_Cs137,1920.0,0.00331212
ASN16_Cs137,1940.0,0.00327678
ASN16_Cs137,1960.0,0.00324235
ASN16_Cs137,1980.0,0.0032088
ASN16_Cs137,2000.0,0.00317612
ASN16_Cs137,2020.0,0.00314429
ASN16_Cs137,2040.0,0.00311329
ASN16_Cs137,2060.0,0.00308309
ASN16_Cs137,2080.0,0.00305368
ASN16_Cs137,2100.0,0.00302505
ASN16_Cs137,2120.0,0.00299717
ASN16_Cs137,2140.0,0.00297003
ASN16_Cs137,2160.0,0.00294363
ASN16_Cs137,2180.0,0.00291793
ASN16_Cs137,2200.0,0.00289293
ASN16_Cs137,2220.0,0.00286862
ASN16_Cs137,2240.0,0.00284499
ASN16_Cs137,2260.0,0.00282201
ASN16_Cs137,2280.0,0.00279969
ASN16_Cs137,2300.0,0.002778
ASN16_Cs137,2320.0,0.00275695
ASN16_Cs137,2340.0,0.00273651
ASN16_Cs137,2360.0,0.00271668
ASN16_Cs137,2380.0,0.00269745
ASN16_Cs137,2400.0,0.00267881
ASN16_Cs137,2420.0,0.00266075
ASN16_Cs137,2440.0,0.00264327
ASN16_Cs137,2460.0,0.00262635
ASN16_Cs137,2480.0,0.00261
ASN16_Cs137,2500.0,0.00259419
ASN16_Cs137,2520.0,0.00257893
ASN16_Cs137,2540.0,0.00256421
ASN16_Cs137,2560.0,0.00255002
ASN16_Cs137,2580.0,0.00253636
ASN16_Cs137,2600.0,0.00252322
ASN16_Cs137,2620.0,0.00251059
ASN16_Cs137,2640.0,0.00249848
ASN16_Cs137,2660.0,0.00248687
ASN16_Cs137,2680.0,0.00247576
ASN16_Cs137,2700.0,0.00246515
ASN16_Cs137,2720.0,0.00245504
ASN16_Cs137,2740.0,0.00244541
ASN16_Cs137,2760.0,0.00243627
ASN16_Cs137,2780.0,0.00242762
ASN16_Cs137,2800.0,0.00241945
ASN16_Cs137,2820.0,0.00241175
ASN16_Cs137,2840.0,0.00240453
ASN16_Cs137,2860.0,0.00239778
ASN16_Cs137,2880.0,0.00239151
ASN16_Cs137,2900.0,0.0023857
ASN16_Cs137,2920.0,0.00238037
ASN16_Cs137,2940.0,0.0023755
ASN16_Cs137,2960.0,0.0023711
ASN16_Cs137,2980.0,0.00236716
ASN16_Cs137,3000.0,0.00236369
ASN16_Cs137,3020.0,0.00236069
ASN16_Granite,20.0,0.00180392
ASN16_Granite,40.0,0.0400862
ASN16_Granite,60.0,0.0553087
ASN16_Granite,80.0,0.06203
ASN16_Granite,100.0,0.0651755
ASN16_Granite,120.0,0.0655808
ASN16_Granite,140.0,0.0639334
ASN16_Granite,160.0,0.0609357
ASN16_Granite,180.0,0.0571834
ASN16_Granite,200.0,0.053116
ASN16_Granite,220.0,0.0490271
ASN16_Granite,240.0,0.0450954
ASN16_Granite,260.0,0.0414189
ASN16_Granite,280.0,0.0380421
ASN16_Granite,300.0,0.0349761
ASN16_Granite,320.0,0.0322124
ASN16_Granite,340.0,0.029732
ASN16_Granite,360.0,0.027511
ASN16_Granite,380.0,0.0255239
ASN16_Granite,400.0,0.0237457
ASN16_Granite,420.0,0.022153
ASN16_Granite,440.0,0.0207243
ASN16_Granite,460.0,0.0194404
ASN16_Granite,480.0,0.018284
ASN16_Granite,500.0,0.0172403
ASN16_Granite,520.0,0.0162959
ASN16_Granite,540.0,0.0154392
ASN16_Granite,560.0,0.0146602
ASN16_Granite,580.0,0.0139501
ASN16_Granite,600.0,0.0133011
ASN16_Granite,620.0,0.0127065
ASN16_Granite,640.0,0.0121604
ASN16_Granite,660.0,0.0116576
ASN16_Granite,680.0,0.0111937
ASN16_Granite,700.0,0.0107647
ASN16_Granite,720.0,0.010367
ASN16_Granite,740.0,0.00999759
ASN16_Granite,760.0,0.00965373
ASN16_Granite,780.0,0.00933299
ASN16_Granite,800.0,0.00903323
ASN16_Granite,820.0,0.00875255
ASN16_Granite,840.0,0.00848924
ASN16_Granite,860.0,0.00824178
ASN16_Granite,880.0,0.00800882
ASN16_Granite,900.0,0.00778915
ASN16_Granite,920.0,0.00758166
ASN16_Granite,940.0,0.00738537
ASN16_Granite,960.0,0.00719941
ASN16_Granite,980.0,0.00702298
ASN16_Granite,1000.0,0.00685534
ASN16_Granite,1020.0,0.00669585
ASN16_Granite,1040.0,0.00654392
ASN16_Granite,1060.0,0.006399
ASN16_Granite,1080.0,0.00626061
ASN16_Granite,1100.0,0.0061283
ASN16_Granite,1120.0,0.00600167
ASN16_Granite,1140.0,0.00588033
ASN16_Granite,1160.0,0.00576396
ASN16_Granite,1180.0,0.00565224
ASN16_Granite,1200.0,0.00554489
ASN16_Granite,1220.0,0.00544163
ASN16_Granite,1240.0,0.00534224
ASN16_Granite,1260.0,0.00524649
ASN16_Granite,1280.0,0.00515417
ASN16_Granite,1300.0,0.00506509
ASN16_Granite,1320.0,0.00497909
ASN16_Granite,1340.0,0.00489599
ASN16_Granite,1360.0,0.00481566
ASN16_Granite,1380.0,0.00473794
ASN16_Granite,1400.0,0.00466272
ASN16_Granite,1420.0,0.00458988
ASN16_Granite,1440.0,0.00451929
ASN16_Granite,1460.0,0.00445086
ASN16_Granite,1480.0,0.0043845
ASN16_Granite,1500.0,0.00432011
ASN16_Granite,1520.0,0.00425761
ASN16_Granite,1540.0,0.00419691
ASN16_Granite,1560.0,0.00413796
ASN16_Granite,1580.0,0.00408067
ASN16_Granite,1600.0,0.00402499
ASN16_Granite,1620.0,0.00397085
ASN16_Granite,1640.0,0.0039182
ASN16_Granite,1660.0,0.00386698
ASN16_Granite,1680.0,0.00381714
ASN16_Granite,1700.0,0.00376864
ASN16_Granite,1720.0,0.00372143
ASN16_Granite,1740.0,0.00367547
ASN16_Granite,1760.0,0.00363072
ASN16_Granite,1780.0,0.00358714
ASN16_Granite,1800.0,0.0035447
ASN16_Granite,1820.0,0.00350335
ASN16_Granite,1840.0,0.00346308
ASN16_Granite,1860.0,0.00342385
ASN16_Granite,1880.0,0.00338563
ASN16_Granite,1900.0,0.0033484
ASN16_Granite,1920.0,0.00331212
ASN16_Granite,1940.0,0.00327678
ASN16_Granite,1960.0,0.00324235
ASN16_Granite,1980.0,0.0032088
ASN16_Granite,2000.0,0.00317612
ASN16_Granite,2020.0,0.00314429
ASN16_Granite,2040.0,0.00311329
ASN16_Granite,2060.0,0.00308309
ASN16_Granite,2080.0,0.00305368
ASN16_Granite,2100.0,0.00302505
ASN16_Granite,2120.0,0.00299717
ASN16_Granite,2140.0,0.00297003
ASN16_Granite,2160.0,0.00294363
ASN16_Granite,2180.0,0.00291793
ASN16_Granite,2200.0,0.00289293
ASN16_Granite,2220.0,0.00286862
ASN16_Granite,2240.0,0.00284499
ASN16_Granite,2260.0,0.00282201
ASN16_Granite,2280.0,0.00279969
ASN16_Granite,2300.0,0.002778
ASN16_Granite,2320.0,0.00275695
ASN16_Granite,2340.0,0.00273651
ASN16_Granite,2360.0,0.00271668
ASN16_Granite,2380.0,0.00269745
ASN16_Granite,2400.0,0.00267881
ASN16_Granite,2420.0,0.00266075
ASN16_Granite,2440.0,0.00264327
ASN16_Granite,2460.0,0.00262635
ASN16_Granite,2480.0,0.00261
ASN16_Granite,2500.0,0.00259419
ASN16_Granite,2520.0,0.00257893
ASN16_Granite,2540.0,0.00256421
ASN16_Granite,2560.0,0.00255002
ASN16_Granite,2580.0,0.00253636
ASN16_Granite,2600.0,0.00252322
ASN16_Granite,2620.0,0.00251059
ASN16_Granite,2640.0,0.00249848
ASN16_Granite,2660.0,0.00248687
ASN16_Granite,2680.0,0.00247576
ASN16_Granite,2700.0,0.00246515
ASN16_Granite,2720.0,0.00245504
ASN16_Granite,2740.0,0.00244541
ASN16_Granite,2760.0,0.00243627
ASN16_Granite,2780.0,0.00242762
ASN16_Granite,2800.0,0.00241945
ASN16_Granite,2820.0,0.00241175
ASN16_Granite,2840.0,0.00240453
ASN16_Granite,2860.0,0.00239778
ASN16_Granite,2880.0,0.00239151
ASN16_Granite,2900.0,0.0023857
ASN16_Granite,2920.0,0.00238037
ASN16_Granite,2940.0,0.0023755
ASN16_Granite,2960.0,0.0023711
ASN16_Granite,2980.0,0.00236716
ASN16_Granite,3000.0,0.00236369
ASN16_Granite,3020.0,0.00236069
ASN16_Th232,20.0,0.00180392
ASN16_Th232,40.0,0.0400862
ASN16_Th232,60.0,0.0553087
ASN16_Th232,80.0,0.06203
ASN16_Th232,100.0,0.0651755
ASN16_Th232,120.0,0.0655808
ASN16_Th232,140.0,0.0639334
ASN16_Th232,160.0,0.0609357
ASN16_Th232,180.0,0.0571834
ASN16_Th232,200.0,0.053116
ASN16_Th232,220.0,0.0490271
ASN16_Th232,240.0,0.0450954
ASN16_Th232,260.0,0.0414189
ASN16_Th232,280.0,0.0380421
ASN16_Th232,300.0,0.0349761
ASN16_Th232,320.0,0.0322124
ASN16_Th232,340.0,0.029732
ASN16_Th232,360.0,0.027511
ASN16_Th232,380.0,0.0255239
ASN16_Th232,400.0,0.0237457
ASN16_Th232,420.0,0.022153
ASN16_Th232,440.0,0.0207243
ASN16_Th232,460.0,0.0194404
ASN16_Th232,480.0,0.018284
ASN16_Th232,500.0,0.0172403
ASN16_Th232,520.0,0.0162959
ASN16_Th232,540.0,0.0154392
ASN16_Th232,560.0,0.0146602
ASN16_Th232,580.0,0.0139501
ASN16_Th232,600.0,0.0133011
ASN16_Th232,620.0,0.0127065
ASN16_Th232,640.0,0.0121604
ASN16_Th232,660.0,0.0116576
ASN16_Th232,680.0,0.0111937
ASN16_Th232,700.0,0.0107647
ASN16_Th232,720.0,0.010367
ASN16_Th232,740.0,0.00999759
ASN16_Th232,760.0,0.00965373
ASN16_Th232,780.0,0.00933299
ASN16_Th232,800.0,0.00903323
ASN16_Th232,820.0,0.00875255
ASN16_Th232,840.0,0.00848924
ASN16_Th232,860.0,0.00824178
ASN16_Th232,880.0,0.00800882
ASN16_Th232,900.0,0.00778915
ASN16_Th232,920.0,0.00758166
ASN16_Th232,940.0,0.00738537
ASN16_Th232,960.0,0.00719941
ASN16_Th232,980.0,0.00702298
ASN16_Th232,1000.0,0.00685534
ASN16_Th232,1020.0,0.00669585
ASN16_Th232,1040.0,0.00654392
ASN16_Th232,1060.0,0.006399
ASN16_Th232,1080.0,0.00626061
ASN16_Th232,1100.0,0.0061283
ASN16_Th232,1120.0,0.00600167
ASN16_Th232,1140.0,0.00588033
ASN16_Th232,1160.0,0.00576396
ASN16_Th232,1180.0,0.00565224
ASN16_Th232,1200.0,0.00554489
ASN16_Th232,1220.0,0.00544163
ASN16_Th232,1240.0,0.00534224
ASN16_Th232,1260.0,0.00524649
ASN16_Th232,1280.0,0.00515417
ASN16_Th232,1300.0,0.00506509
ASN16_Th232,1320.0,0.00497909
ASN16_Th232,1340.0,0.00489599
ASN16_Th232,1360.0,0.00481566
ASN16_Th232,1380.0,0.00473794
ASN16_Th232,1400.0,0.00466272
ASN16_Th232,1420.0,0.00458988
ASN16_Th232,1440.0,0.00451929
ASN16_Th232,1460.0,0.00445086
ASN16_Th232,1480.0,0.0043845
ASN16_Th232,1500.0,0.00432011
ASN16_Th232,1520.0,0.00425761
ASN16_Th232,1540.0,0.00419691
ASN16_Th232,1560.0,0.00413796
ASN16_Th232,1580.0,0.00408067
ASN16_Th232,1600.0,0.00402499
ASN16_Th232,1620.0,0.00397085
ASN16_Th232,1640.0,0.0039182
ASN16_Th232,1660.0,0.00386698
ASN16_Th232,1680.0,0.00381714
ASN16_Th232,1700.0,0.00376864
ASN16_Th232,1720.0,0.00372143
ASN16_Th232,1740.0,0.00367547
ASN16_Th232,1760.0,0.00363072
ASN16_Th232,1780.0,0.00358714
ASN16_Th232,1800.0,0.0035447
ASN16_Th232,1820.0,0.00350335
ASN16_Th232,1840.0,0.00346308
ASN16_Th232,1860.0,0.00342385
ASN16_Th232,1880.0,0.00338563
ASN16_Th232,1900.0,0.0033484
ASN16_Th232,1920.0,0.00331212
ASN16_Th232,1940.0,0.00327678
ASN16_Th232,1960.0,0.00324235
ASN16_Th232,1980.0,0.0032088
ASN16_Th232,2000.0,0.00317612
ASN16_Th232,2020.0,0.00314429
ASN16_Th232,2040.0,0.00311329
ASN16_Th232,2060.0,0.00308309
ASN16_Th232,2080.0,0.00305368
ASN16_Th232,2100.0,0.00302505
ASN16_Th232,2120.0,0.00299717
ASN16_Th232,2140.0,0.00297003
ASN16_Th232,2160.0,0.00294363
ASN16_Th232,2180.0,0.00291793
ASN16_Th232,2200.0,0.00289293
ASN16_Th232,2220.0,0.00286862
ASN16_Th232,2240.0,0.00284499
ASN16_Th232,2260.0,0.00282201
ASN16_Th232,2280.0,0.00279969
ASN16_Th232,2300.0,0.002778
ASN16_Th232,2320.0,0.00275695
ASN16_Th232,2340.0,0.00273651
ASN16_Th232,2360.0,0.00271668
ASN16_Th232,2380.0,0.00269745
ASN16_Th232,2400.0,0.00267881
ASN16_Th232,2420.0,0.00266075
ASN16_Th232,2440.0,0.00264327
ASN16_Th232,2460.0,0.00262635
ASN16_Th232,2480.0,0.00261
ASN16_Th232,2500.0,0.00259419
ASN16_Th232,2520.0,0.00257893
ASN16_Th232,2540.0,0.00256421
ASN16_Th232,2560.0,0.00255002
ASN16_Th232,2580.0,0.00253636
ASN16_Th232,2600.0,0.00252322
ASN16_Th232,2620.0,0.00251059
ASN16_Th232,2640.0,0.00249848
ASN16_Th232,2660.0,0.00248687
ASN16_Th232,2680.0,0.00247576
ASN16_Th232,2700.0,0.00246515
ASN16_Th232,2720.0,0.00245504
ASN16_Th232,2740.0,0.00244541
ASN16_Th232,2760.0,0.00243627
ASN16_Th232,2780.0,0.00242762
ASN16_Th232,2800.0,0.00241945
ASN16_Th232,2820.0,0.00241175
ASN16_Th232,2840.0,0.00240453
ASN16_Th232,2860.0,0.00239778
ASN16_Th232,2880.0,0.00239151
ASN16_Th232,2900.0,0.0023857
ASN16_Th232,2920.0,0.00238037
ASN16_Th232,2940.0,0.0023755
ASN16_Th232,2960.0,0.0023711
ASN16_Th232,2980.0,0.00236716
ASN16_Th232,3000.0,0.00236369
ASN16_Th232,3020.0,0.00236069
ASN16_Th232_Am241,20.0,0.00180392
ASN16_Th232_Am241,40.0,0.0400862
ASN16_Th232_Am241,60.0,0.0553087
ASN16_Th232_Am241,80.0,0.06203
ASN16_Th232_Am241,100.0,0.0651755
ASN16_Th232_Am241,120.0,0.0655808
ASN16_Th232_Am241,140.0,0.0639334
ASN16_Th232_Am241,160.0,0.0609357
ASN16_Th232_Am241,180.0,0.0571834
ASN16_Th232_Am241,200.0,0.053116
ASN16_Th232_Am241,220.0,0.0490271
ASN16_Th232_Am241,240.0,0.0450954
ASN16_Th232_Am241,260.0,0.0414189
ASN16_Th232_Am241,280.0,0.0380421
ASN16_Th232_Am241,300.0,0.0349761
ASN16_Th232_Am241,320.0,0.0322124
ASN16_Th232_Am241,340.0,0.029732
ASN16_Th232_Am241,360.0,0.027511
ASN16_Th232_Am241,380.0,0.0255239
ASN16_Th232_Am241,400.0,0.0237457
ASN16_Th232_Am241,420.0,0.022153
ASN16_Th232_Am241,440.0,0.0207243
ASN16_Th232_Am241,460.0,0.0194404
ASN16_Th232_Am241,480.0,0.018284
ASN16_Th232_Am241,500.0,0.0172403
ASN16_Th232_Am241,520.0,0.0162959
ASN16_Th232_Am241,540.0,0.0154392
ASN16_Th232_Am241,560.0,0.0146602
ASN16_Th232_Am241,580.0,0.0139501
ASN16_Th232_Am241,600.0,0.0133011
ASN16_Th232_Am241,620.0,0.0127065
ASN16_Th232_Am241,640.0,0.0121604
ASN16_Th232_Am241,660.0,0.0116576
ASN16_Th232_Am241,680.0,0.0111937
ASN16_Th232_Am241,700.0,0.0107647
ASN16_Th232_Am241,720.0,0.010367
ASN16_Th232_Am241,740.0,0.00999759
ASN16_Th232_Am241,760.0,0.00965373
ASN16_Th232_Am241,780.0,0.00933299
ASN16_Th232_Am241,800.0,0.00903323
ASN16_Th232_Am241,820.0,0.00875255
ASN16_Th232_Am241,840.0,0.00848924
ASN16_Th232_Am241,860.0,0.00824178
ASN16_Th232_Am241,880.0,0.00800882
ASN16_Th232_Am241,900.0,0.00778915
ASN16_Th232_Am241,920.0,0.00758166
ASN16_Th232_Am241,940.0,0.00738537
ASN16_Th232_Am241,960.0,0.00719941
ASN16_Th232_Am241,980.0,0.00702298
ASN16_Th232_Am241,1000.0,0.00685534
ASN16_Th232_Am241,1020.0,0.00669585
ASN16_Th232_Am241,1040.0,0.00654392
ASN16_Th232_Am241,1060.0,0.006399
ASN16_Th232_Am241,1080.0,0.00626061
ASN16_Th232_Am241,1100.0,0.0061283
ASN16_Th232_Am241,1120.0,0.00600167
ASN16_Th232_Am241,1140.0,0.00588033
ASN16_Th232_Am241,1160.0,0.00576396
ASN16_Th232_Am241,1180.0,0.00565224
ASN16_Th232_Am241,1200.0,0.00554489
ASN16_Th232_Am241,1220.0,0.00544163
ASN16_Th232_Am241,1240.0,0.00534224
ASN16_Th232_Am241,1260.0,0.00524649
ASN16_Th232_Am241,1280.0,0.00515417
ASN16_Th232_Am241,1300.0,0.00506509
ASN16_Th232_Am241,1320.0,0.00497909
ASN16_Th232_Am241,1340.0,0.00489599
ASN16_Th232_Am241,1360.0,0.00481566
ASN16_Th232_Am241,1380.0,0.00473794
ASN16_Th232_Am241,1400.0,0.00466272
ASN16_Th232_Am241,1420.0,0.00458988
ASN16_Th232_Am241,1440.0,0.00451929
ASN16_Th232_Am241,1460.0,0.00445086
ASN16_Th232_Am241,1480.0,0.0043845
ASN16_Th232_Am241,1500.0,0.00432011
ASN16_Th232_Am241,1520.0,0.00425761
ASN16_Th232_Am241,1540.0,0.00419691
ASN16_Th232_Am241,1560.0,0.00413796
ASN16_Th232_Am241,1580.0,0.00408067
ASN16_Th232_Am241,1600.0,0.00402499
ASN16_Th232_Am241,1620.0,0.00397085
ASN16_Th232_Am241,1640.0,0.0039182
ASN16_Th232_Am241,1660.0,0.00386698
ASN16_Th232_Am241,1680.0,0.00381714
ASN16_Th232_Am241,1700.0,0.00376864
ASN16_Th232_Am241,1720.0,0.00372143
ASN16_Th232_Am241,1740.0,0.00367547
ASN16_Th232_Am241,1760.0,0.00363072
ASN16_Th232_Am241,1780.0,0.00358714
ASN16_Th232_Am241,1800.0,0.0035447
ASN16_Th232_Am241,1820.0,0.00350335
ASN16_Th232_Am241,1840.0,0.00346308
ASN16_Th232_Am241,1860.0,0.00342385
ASN16_Th232_Am241,1880.0,0.00338563
ASN16_Th232_Am241,1900.0,0.0033484
ASN16_Th232_Am241,1920.0,0.00331212
ASN16_Th232_Am241,1940.0,0.00327678
ASN16_Th232_Am241,1960.0,0.00324235
ASN16_Th232_Am241,1980.0,0.0032088
ASN16_Th232_Am241,2000.0,0.00317612
ASN16_Th232_Am241,2020.0,0.00314429
ASN16_Th232_Am241,2040.0,0.00311329
ASN16_Th232_Am241,2060.0,0.00308309
ASN16_Th232_Am241,2080.0,0.00305368
ASN16_Th232_Am241,2100.0,0.00302505
ASN16_Th232_Am241,2120.0,0.00299717
ASN16_Th232_Am241,2140.0,0.00297003
ASN16_Th232_Am241,2160.0,0.00294363
ASN16_Th232_Am241,2180.0,0.00291793
ASN16_Th232_Am241,2200.0,0.00289293
ASN16_Th232_Am241,2220.0,0.00286862
ASN16_Th232_Am241,2240.0,0.00284499
ASN16_Th232_Am241,2260.0,0.00282201
ASN16_Th232_Am241,2280.0,0.00279969
ASN16_Th232_Am241,2300.0,0.002778
ASN16_Th232_Am241,2320.0,0.00275695
ASN16_Th232_Am241,2340.0,0.00273651
ASN16_Th232_Am241,2360.0,0.00271668
ASN16_Th232_Am241,2380.0,0.00269745
ASN16_Th232_Am241,2400.0,0.00267881
ASN16_Th232_Am241,2420.0,0.00266075
ASN16_Th232_Am241,2440.0,0.00264327
ASN16_Th232_Am241,2460.0,0.00262635
ASN16_Th232_Am241,2480.0,0.00261
ASN16_Th232_Am241,2500.0,0.00259419
ASN16_Th232_Am241,2520.0,0.00257893
ASN16_Th232_Am241,2540.0,0.00256421
ASN16_Th232_Am241,2560.0,0.00255002
ASN16_Th232_Am241,2580.0,0.00253636
ASN16_Th232_Am241,2600.0,0.00252322
ASN16_Th232_Am241,2620.0,0.00251059
ASN16_Th232_Am241,2640.0,0.00249848
ASN16_Th232_Am241,2660.0,0.00248687
ASN16_Th232_Am241,2680.0,0.00247576
ASN16_Th232_Am241,2700.0,0.00246515
ASN16_Th232_Am241,2720.0,0.00245504
ASN16_Th232_Am241,2740.0,0.00244541
ASN16_Th232_Am241,2760.0,0.00243627
ASN16_Th232_Am241,2780.0,0.00242762
ASN16_Th232_Am241,2800.0,0.00241945
ASN16_Th232_Am241,2820.0,0.00241175
ASN16_Th232_Am241,2840.0,0.00240453
ASN16_Th232_Am241,2860.0,0.00239778
ASN16_Th232_Am241,2880.0,0.00239151
ASN16_Th232_Am241,2900.0,0.0023857
ASN16_Th232_Am241,2920.0,0.00238037
ASN16_Th232_Am241,2940.0,0.0023755
ASN16_Th232_Am241,2960.0,0.0023711
ASN16_Th232_Am241,2980.0,0.00236716
ASN16_Th232_Am241,3000.0,0.00236369
ASN16_Th232_Am241,3020.0,0.00236069
ASN16_UGlass,20.0,0.00180392
ASN16_UGlass,40.0,0.0400862
ASN16_UGlass,60.0,0.0553087
ASN16_UGlass,80.0,0.06203
ASN16_UGlass,100.0,0.0651755
ASN16_UGlass,120.0,0.0655808
ASN16_UGlass,140.0,0.0639334
ASN16_UGlass,160.0,0.0609357
ASN16_UGlass,180.0,0.0571834
ASN16_UGlass,200.0,0.053116
ASN16_UGlass,220.0,0.0490271
ASN16_UGlass,240.0,0.0450954
ASN16_UGlass,260.0,0.0414189
ASN16_UGlass,280.0,0.0380421
ASN16_UGlass,300.0,0.0349761
ASN16_UGlass,320.0,0.0322124
ASN16_UGlass,340.0,0.029732
ASN16_UGlass,360.0,0.027511
ASN16_UGlass,380.0,0.0255239
ASN16_UGlass,400.0,0.0237457
ASN16_UGlass,420.0,0.022153
ASN16_UGlass,440.0,0.0207243
ASN16_UGlass,460.0,0.0194404
ASN16_UGlass,480.0,0.018284
ASN16_UGlass,500.0,0.0172403
ASN16_UGlass,520.0,0.0162959
ASN16_UGlass,540.0,0.0154392
ASN16_UGlass,560.0,0.0146602
ASN16_UGlass,580.0,0.0139501
ASN16_UGlass,600.0,0.0133011
ASN16_UGlass,620.0,0.0127065
ASN16_UGlass,640.0,0.0121604
ASN16_UGlass,660.0,0.0116576
ASN16_UGlass,680.0,0.0111937
ASN16_UGlass,700.0,0.0107647
ASN16_UGlass,720.0,0.010367
ASN16_UGlass,740.0,0.00999759
ASN16_UGlass,760.0,0.00965373
ASN16_UGlass,780.0,0.00933299
ASN16_UGlass,800.0,0.00903323
ASN16_UGlass,820.0,0.00875255
ASN16_UGlass,840.0,0.00848924
ASN16_UGlass,860.0,0.00824178
ASN16_UGlass,880.0,0.00800882
ASN16_UGlass,900.0,0.00778915
ASN16_UGlass,920.0,0.00758166
ASN16_UGlass,940.0,0.00738537
ASN16_UGlass,960.0,0.00719941
ASN16_UGlass,980.0,0.00702298
ASN16_UGlass,1000.0,0.00685534
ASN16_UGlass,1020.0,0.00669585
ASN16_UGlass,1040.0,0.00654392
ASN16_UGlass,1060.0,0.006399
ASN16_UGlass,1080.0,0.00626061
ASN16_UGlass,1100.0,0.0061283
ASN16_UGlass,1120.0,0.00600167
ASN16_UGlass,1140.0,0.00588033
ASN16_UGlass,1160.0,0.00576396
ASN16_UGlass,1180.0,0.00565224
ASN16_UGlass,1200.0,0.00554489
ASN16_UGlass,1220.0,0.00544163
ASN16_UGlass,1240.0,0.00534224
ASN16_UGlass,1260.0,0.00524649
ASN16_UGlass,1280.0,0.00515417
ASN16_UGlass,1300.0,0.00506509
ASN16_UGlass,1320.0,0.00497909
ASN16_UGlass,1340.0,0.00489599
ASN16_UGlass,1360.0,0.00481566
ASN16_UGlass,1380.0,0.00473794
ASN16_UGlass,1400.0,0.00466272
ASN16_UGlass,1420.0,0.00458988
ASN16_UGlass,1440.0,0.00451929
ASN16_UGlass,1460.0,0.00445086
ASN16_UGlass,1480.0,0.0043845
ASN16_UGlass,1500.0,0.00432011
ASN16_UGlass,1520.0,0.00425761
ASN16_UGlass,1540.0,0.00419691
ASN16_UGlass,1560.0,0.00413796
ASN16_UGlass,1580.0,0.00408067
ASN16_UGlass,1600.0,0.00402499
ASN16_UGlass,1620.0,0.00397085
ASN16_UGlass,1640.0,0.0039182
ASN16_UGlass,1660.0,0.00386698
ASN16_UGlass,1680.0,0.00381714
ASN16_UGlass,1700.0,0.00376864
ASN16_UGlass,1720.0,0.00372143
ASN16_UGlass,1740.0,0.00367547
ASN16_UGlass,1760.0,0.00363072
ASN16_UGlass,1780.0,0.00358714
ASN16_UGlass,1800.0,0.0035447
ASN16_UGlass,1820.0,0.00350335
ASN16_UGlass,1840.0,0.00346308
ASN16_UGlass,1860.0,0.00342385
ASN16_UGlass,1880.0,0.00338563
ASN16_UGlass,1900.0,0.0033484
ASN16_UGlass,1920.0,0.00331212
ASN16_UGlass,1940.0,0.00327678
ASN16_UGlass,1960.0,0.00324235
ASN16_UGlass,1980.0,0.0032088
ASN16_UGlass,2000.0,0.00317612
ASN16_UGlass,2020.0,0.00314429
ASN16_UGlass,2040.0,0.00311329
ASN16_UGlass,2060.0,0.00308309
ASN16_UGlass,2080.0,0.00305368
ASN16_UGlass,2100.0,0.00302505
ASN16_UGlass,2120.0,0.00299717
ASN16_UGlass,2140.0,0.00297003
ASN16_UGlass,2160.0,0.00294363
ASN16_UGlass,2180.0,0.00291793
ASN16_UGlass,2200.0,0.00289293
ASN16_UGlass,2220.0,0.00286862
ASN16_UGlass,2240.0,0.00284499
ASN16_UGlass,2260.0,0.00282201
ASN16_UGlass,2280.0,0.00279969
ASN16_UGlass,2300.0,0.002778
ASN16_UGlass,2320.0,0.00275695
ASN16_UGlass,2340.0,0.00273651
ASN16_UGlass,2360.0,0.00271668
ASN16_UGlass,2380.0,0.00269745
ASN16_UGlass,2400.0,0.00267881
ASN16_UGlass,2420.0,0.00266075
ASN16_UGlass,2440.0,0.00264327
ASN16_UGlass,2460.0,0.00262635
ASN16_UGlass,2480.0,0.00261
ASN16_UGlass,2500.0,0.00259419
ASN16_UGlass,2520.0,0.00257893
ASN16_UGlass,2540.0,0.00256421
ASN16_UGlass,2560.0,0.00255002
ASN16_UGlass,2580.0,0.00253636
ASN16_UGlass,2600.0,0.00252322
ASN16_UGlass,2620.0,0.00251059
ASN16_UGlass,2640.0,0.00249848
ASN16_UGlass,2660.0,0.00248687
ASN16_UGlass,2680.0,0.00247576
ASN16_UGlass,2700.0,0.00246515
ASN16_UGlass,2720.0,0.00245504
ASN16_UGlass,2740.0,0.00244541
ASN16_UGlass,2760.0,0.00243627
ASN16_UGlass,2780.0,0.00242762
ASN16_UGlass,2800.0,0.00241945
ASN16_UGlass,2820.0,0.00241175
ASN16_UGlass,2840.0,0.00240453
ASN16_UGlass,2860.0,0.00239778
ASN16_UGlass,2880.0,0.00239151
ASN16_UGlass,2900.0,0.0023857
ASN16_UGlass,2920.0,0.00238037
ASN16_UGlass,2940.0,0.0023755
ASN16_UGlass,2960.0,0.0023711
ASN16_UGlass,2980.0,0.00236716
ASN16_UGlass,3000.0,0.00236369
ASN16_UGlass,3020.0,0.00236069
OBS_Background,20.0,1471.85
OBS_Background,40.0,0.00555793
OBS_Background,60.0,0.00319881
OBS_Background,80.0,0.00360372
OBS_Background,100.0,0.00378067
OBS_Background,120.0,0.00360473
OBS_Background,140.0,0.00323717
OBS_Background,160.0,0.00281629
OBS_Background,180.0,0.00241522
OBS_Background,200.0,0.00206242
OBS_Background,220.0,0.00176357
OBS_Background,240.0,0.00151472
OBS_Background,260.0,0.00130879
OBS_Background,280.0,0.0011384
OBS_Background,300.0,0.000996976
OBS_Background,320.0,0.000879001
OBS_Background,340.0,0.000780001
OBS_Background,360.0,0.000696391
OBS_Background,380.0,0.000625323
OBS_Background,400.0,0.000564529
OBS_Background,420.0,0.000512203
OBS_Background,440.0,0.0004669
OBS_Background,460.0,0.000427457
OBS_Background,480.0,0.000392935
OBS_Background,500.0,0.000362569
OBS_Background,520.0,0.000335733
OBS_Background,540.0,0.000311914
OBS_Background,560.0,0.000290685
OBS_Background,580.0,0.00027169
OBS_Background,600.0,0.000254634
OBS_Background,620.0,0.000239265
OBS_Background,640.0,0.000225372
OBS_Background,660.0,0.000212776
OBS_Background,680.0,0.000201322
OBS_Background,700.0,0.00019088
OBS_Background,720.0,0.000181335
OBS_Background,740.0,0.000172589
OBS_Background,760.0,0.000164558
OBS_Background,780.0,0.000157166
OBS_Background,800.0,0.00015035
OBS_Background,820.0,0.000144051
OBS_Background,840.0,0.000138221
OBS_Background,860.0,0.000132814
OBS_Background,880.0,0.000127791
OBS_Background,900.0,0.000123117
OBS_Background,920.0,0.000118762
OBS_Background,940.0,0.000114698
OBS_Background,960.0,0.0001109
OBS_Background,980.0,0.000107346
OBS_Background,1000.0,0.000104015
OBS_Background,1020.0,0.00010089
OBS_Background,1040.0,9.79546e-05
OBS_Background,1060.0,9.5194e-05
OBS_Background,1080.0,9.25949e-05
OBS_Background,1100.0,9.01451e-05
OBS_Background,1120.0,8.78336e-05
OBS_Background,1140.0,8.56505e-05
OBS_Background,1160.0,8.35864e-05
OBS_Background,1180.0,8.16331e-05
OBS_Background,1200.0,7.97828e-05
OBS_Background,1220.0,7.80285e-05
OBS_Background,1240.0,7.63637e-05
OBS_Background,1260.0,7.47825e-05
OBS_Background,1280.0,7.32793e-05
OBS_Background,1300.0,7.18491e-05
OBS_Background,1320.0,7.04871e-05
OBS_Background,1340.0,6.91892e-05
OBS_Background,1360.0,6.79512e-05
OBS_Background,1380.0,6.67694e-05
OBS_Background,1400.0,6.56404e-05
OBS_Background,1420.0,6.45609e-05
OBS_Background,1440.0,6.35279e-05
OBS_Background,1460.0,6.25387e-05
OBS_Background,1480.0,6.15907e-05
OBS_Background,1500.0,6.06813e-05
OBS_Background,1520.0,5.98084e-05
OBS_Background,1540.0,5.89698e-05
OBS_Background,1560.0,5.81635e-05
OBS_Background,1580.0,5.73876e-05
OBS_Background,1600.0,5.66404e-05
OBS_Background,1620.0,5.59203e-05
OBS_Background,1640.0,5.52256e-05
OBS_Background,1660.0,5.45549e-05
OBS_Background,1680.0,5.39068e-05
OBS_Background,1700.0,5.328e-05
OBS_Background,1720.0,5.26734e-05
OBS_Background,1740.0,5.20856e-05
OBS_Background,1760.0,5.15158e-05
OBS_Background,1780.0,5.09627e-05
OBS_Background,1800.0,5.04254e-05
OBS_Background,1820.0,4.99031e-05
OBS_Background,1840.0,4.93948e-05
OBS_Background,1860.0,4.88996e-05
OBS_Background,1880.0,4.84168e-05
OBS_Background,1900.0,4.79457e-05
OBS_Background,1920.0,4.74855e-05
OBS_Background,1940.0,4.70355e-05
OBS_Background,1960.0,4.65951e-05
OBS_Background,1980.0,4.61638e-05
OBS_Background,2000.0,4.57408e-05
OBS_Background,2020.0,4.53256e-05
OBS_Background,2040.0,4.49178e-05
OBS_Background,2060.0,4.45168e-05
OBS_Background,2080.0,4.41221e-05
OBS_Background,2100.0,4.37332e-05
OBS_Background,2120.0,4.33499e-05
OBS_Background,2140.0,4.29715e-05
OBS_Background,2160.0,4.25978e-05
OBS_Background,2180.0,4.22284e-05
OBS_Background,2200.0,4.18629e-05
OBS_Background,2220.0,4.15009e-05
OBS_Background,2240.0,4.11422e-05
OBS_Background,2260.0,4.07864e-05
OBS_Background,2280.0,4.04333e-05
OBS_Background,2300.0,4.00826e-05
OBS_Background,2320.0,3.9734e-05
OBS_Background,2340.0,3.93873e-05
OBS_Background,2360.0,3.90422e-05
OBS_Background,2380.0,3.86985e-05
OBS_Background,2400.0,3.83561e-05
OBS_Background,2420.0,3.80147e-05
OBS_Background,2440.0,3.76741e-05
OBS_Background,2460.0,3.73342e-05
OBS_Background,2480.0,3.69947e-05
OBS_Background,2500.0,3.66557e-05
OBS_Background,2520.0,3.63168e-05
OBS_Background,2540.0,3.59781e-05
OBS_Background,2560.0,3.56393e-05
OBS_Background,2580.0,3.53004e-05
OBS_Background,2600.0,3.49612e-05
OBS_Background,2620.0,3.46217e-05
OBS_Background,2640.0,3.42818e-05
OBS_Background,2660.0,3.39414e-05
OBS_Background,2680.0,3.36004e-05
OBS_Background,2700.0,3.32588e-05
OBS_Background,2720.0,3.29166e-05
OBS_Background,2740.0,3.25737e-05
OBS_Background,2760.0,3.223e-05
OBS_Background,2780.0,3.18856e-05
OBS_Background,2800.0,3.15404e-05
OBS_Background,2820.0,3.11944e-05
OBS_Background,2840.0,3.08475e-05
OBS_Background,2860.0,3.04999e-05
OBS_Background,2880.0,3.01515e-05
OBS_Background,2900.0,2.98024e-05
OBS_Background,2920.0,2.94524e-05
OBS_Background,2940.0,2.91017e-05
OBS_Background,2960.0,2.87504e-05
OBS_Background,2980.0,2.83983e-05
OBS_Background,3000.0,2.80456e-05
OBS_Th232WT20,20.0,1471.85
OBS_Th232WT20,40.0,0.00555793
OBS_Th232WT20,60.0,0.00319881
OBS_Th232WT20,80.0,0.00360372
OBS_Th232WT20,100.0,0.00378067
OBS_Th232WT20,120.0,0.00360473
OBS_Th232WT20,140.0,0.00323717
OBS_Th232WT20,160.0,0.00281629
OBS_Th232WT20,180.0,0.00241522
OBS_Th232WT20,200.0,0.00206242
OBS_Th232WT20,220.0,0.00176357
OBS_Th232WT20,240.0,0.00151472
OBS_Th232WT20,260.0,0.00130879
OBS_Th232WT20,280.0,0.0011384
OBS_Th232WT20,300.0,0.000996976
OBS_Th232WT20,320.0,0.000879001
OBS_Th232WT20,340.0,0.000780001
OBS_Th232WT20,360.0,0.000696391
OBS_Th232WT20,380.0,0.000625323
OBS_Th232WT20,400.0,0.000564529
OBS_Th232WT20,420.0,0.000512203
OBS_Th232WT20,440.0,0.0004669
OBS_Th232WT20,460.0,0.000427457
OBS_Th232WT20,480.0,0.000392935
OBS_Th232WT20,500.0,0.000362569
OBS_Th232WT20,520.0,0.000335733
OBS_Th232WT20,540.0,0.000311914
OBS_Th232WT20,560.0,0.000290685
OBS_Th232WT20,580.0,0.00027169
OBS_Th232WT20,600.0,0.000254634
OBS_Th232WT20,620.0,0.000239265
OBS_Th232WT20,640.0,0.000225372
OBS_Th232WT20,660.0,0.000212776
OBS_Th232WT20,680.0,0.000201322
OBS_Th232WT20,700.0,0.00019088
OBS_Th232WT20,720.0,0.000181335
OBS_Th232WT20,740.0,0.000172589
OBS_Th232WT20,760.0,0.000164558
OBS_Th232WT20,780.0,0.000157166
OBS_Th232WT20,800.0,0.00015035
OBS_Th232WT20,820.0,0.000144051
OBS_Th232WT20,840.0,0.000138221
OBS_Th232WT20,860.0,0.000132814
OBS_Th232WT20,880.0,0.000127791
OBS_Th232WT20,900.0,0.000123117
OBS_Th232WT20,920.0,0.000118762
OBS_Th232WT20,940.0,0.000114698
OBS_Th232WT20,960.0,0.0001109
OBS_Th232WT20,980.0,0.000107346
OBS_Th232WT20,1000.0,0.000104015
OBS_Th232WT20,1020.0,0.00010089
OBS_Th232WT20,1040.0,9.79546e-05
OBS_Th232WT20,1060.0,9.5194e-05
OBS_Th232WT20,1080.0,9.25949e-05
OBS_Th232WT20,1100.0,9.01451e-05
OBS_Th232WT20,1120.0,8.78336e-05
OBS_Th232WT20,1140.0,8.56505e-05
OBS_Th232WT20,1160.0,8.35864e-05
OBS_Th232WT20,1180.0,8.16331e-05
OBS_Th232WT20,1200.0,7.97828e-05
OBS_Th232WT20,1220.0,7.80285e-05
OBS_Th232WT20,1240.0,7.63637e-05
OBS_Th232WT20,1260.0,7.47825e-05
OBS_Th232WT20,1280.0,7.32793e-05
OBS_Th232WT20,1300.0,7.18491e-05
OBS_Th232WT20,1320.0,7.04871e-05
OBS_Th232WT20,1340.0,6.91892e-05
OBS_Th232WT20,1360.0,6.79512e-05
OBS_Th232WT20,1380.0,6.67694e-05
OBS_Th232WT20,1400.0,6.56404e-05
OBS_Th232WT20,1420.0,6.45609e-05
OBS_Th232WT20,1440.0,6.35279e-05
OBS_Th232WT20,1460.0,6.25387e-05
OBS_Th232WT20,1480.0,6.15907e-05
OBS_Th232WT20,1500.0,6.06813e-05
OBS_Th232WT20,1520.0,5.98084e-05
OBS_Th232WT20,1540.0,5.89698e-05
OBS_Th232WT20,1560.0,5.81635e-05
OBS_Th232WT20,1580.0,5.73876e-05
OBS_Th232WT20,1600.0,5.66404e-05
OBS_Th232WT20,1620.0,5.59203e-05
OBS_Th232WT20,1640.0,5.52256e-05
OBS_Th232WT20,1660.0,5.45549e-05
OBS_Th232WT20,1680.0,5.39068e-05
OBS_Th232WT20,1700.0,5.328e-05
OBS_Th232WT20,1720.0,5.26734e-05
OBS_Th232WT20,1740.0,5.20856e-05
OBS_Th232WT20,1760.0,5.15158e-05
OBS_Th232WT20,1780.0,5.09627e-05
OBS_Th232WT20,1800.0,5.04254e-05
OBS_Th232WT20,1820.0,4.99031e-05
OBS_Th232WT20,1840.0,4.93948e-05
OBS_Th232WT20,1860.0,4.88996e-05
OBS_Th232WT20,1880.0,4.84168e-05
OBS_Th232WT20,1900.0,4.79457e-05
OBS_Th232WT20,1920.0,4.74855e-05
OBS_Th232WT20,1940.0,4.70355e-05
OBS_Th232WT20,1960.0,4.65951e-05
OBS_Th232WT20,1980.0,4.61638e-05
OBS_Th232WT20,2000.0,4.57408e-05
OBS_Th232WT20,2020.0,4.53256e-05
OBS_Th232WT20,2040.0,4.49178e-05
OBS_Th232WT20,2060.0,4.45168e-05
OBS_Th232WT20,2080.0,4.41221e-05
OBS_Th232WT20,2100.0,4.37332e-05
OBS_Th232WT20,2120.0,4.33499e-05
OBS_Th232WT20,2140.0,4.29715e-05
OBS_Th232WT20,2160.0,4.25978e-05
OBS_Th232WT20,2180.0,4.22284e-05
OBS_Th232WT20,2200.0,4.18629e-05
OBS_Th232WT20,2220.0,4.15009e-05
OBS_Th232WT20,2240.0,4.11422e-05
OBS_Th232WT20,2260.0,4.07864e-05
OBS_Th232WT20,2280.0,4.04333e-05
OBS_Th232WT20,2300.0,4.00826e-05
OBS_Th232WT20,2320.0,3.9734e-05
OBS_Th232WT20,2340.0,3.93873e-05
OBS_Th232WT20,2360.0,3.90422e-05
OBS_Th232WT20,2380.0,3.86985e-05
OBS_Th232WT20,2400.0,3.83561e-05
OBS_Th232WT20,2420.0,3.80147e-05
OBS_Th232WT20,2440.0,3.76741e-05
OBS_Th232WT20,2460.0,3.73342e-05
OBS_Th232WT20,2480.0,3.69947e-05
OBS_Th232WT20,2500.0,3.66557e-05
OBS_Th232WT20,2520.0,3.63168e-05
OBS_Th232WT20,2540.0,3.59781e-05
OBS_Th232WT20,2560.0,3.56393e-05
OBS_Th232WT20,2580.0,3.53004e-05
OBS_Th232WT20,2600.0,3.49612e-05
OBS_Th232WT20,2620.0,3.46217e-05
OBS_Th232WT20,2640.0,3.42818e-05
OBS_Th232WT20,2660.0,3.39414e-05
OBS_Th232WT20,2680.0,3.36004e-05
OBS_Th232WT20,2700.0,3.32588e-05
OBS_Th232WT20,2720.0,3.29166e-05
OBS_Th232WT20,2740.0,3.25737e-05
OBS_Th232WT20,2760.0,3.223e-05
OBS_Th232WT20,2780.0,3.18856e-05
OBS_Th232WT20,2800.0,3.15404e-05
OBS_Th232WT20,2820.0,3.11944e-05
OBS_Th232WT20,2840.0,3.08475e-05
OBS_Th232WT20,2860.0,3.04999e-05
OBS_Th232WT20,2880.0,3.01515e-05
OBS_Th232WT20,2900.0,2.98024e-05
OBS_Th232WT20,2920.0,2.94524e-05
OBS_Th232WT20,2940.0,2.91017e-05
OBS_Th232WT20,2960.0,2.87504e-05
OBS_Th232WT20,2980.0,2.83983e-05
OBS_Th232WT20,3000.0,2.80456e-05
OBS_UGlass,20.0,1471.85
OBS_UGlass,40.0,0.00555793
OBS_UGlass,60.0,0.00319881
OBS_UGlass,80.0,0.00360372
OBS_UGlass,100.0,0.00378067
OBS_UGlass,120.0,0.00360473
OBS_UGlass,140.0,0.00323717
OBS_UGlass,160.0,0.00281629
OBS_UGlass,180.0,0.00241522
OBS_UGlass,200.0,0.00206242
OBS_UGlass,220.0,0.00176357
OBS_UGlass,240.0,0.00151472
OBS_UGlass,260.0,0.00130879
OBS_UGlass,280.0,0.0011384
OBS_UGlass,300.0,0.000996976
OBS_UGlass,320.0,0.000879001
OBS_UGlass,340.0,0.000780001
OBS_UGlass,360.0,0.000696391
OBS_UGlass,380.0,0.000625323
OBS_UGlass,400.0,0.000564529
OBS_UGlass,420.0,0.000512203
OBS_UGlass,440.0,0.0004669
OBS_UGlass,460.0,0.000427457
OBS_UGlass,480.0,0.000392935
OBS_UGlass,500.0,0.000362569
OBS_UGlass,520.0,0.000335733
OBS_UGlass,540.0,0.000311914
OBS_UGlass,560.0,0.000290685
OBS_UGlass,580.0,0.00027169
OBS_UGlass,600.0,0.000254634
OBS_UGlass,620.0,0.000239265
OBS_UGlass,640.0,0.000225372
OBS_UGlass,660.0,0.000212776
OBS_UGlass,680.0,0.000201322
OBS_UGlass,700.0,0.00019088
OBS_UGlass,720.0,0.000181335
OBS_UGlass,740.0,0.000172589
OBS_UGlass,760.0,0.000164558
OBS_UGlass,780.0,0.000157166
OBS_UGlass,800.0,0.00015035
OBS_UGlass,820.0,0.000144051
OBS_UGlass,840.0,0.000138221
OBS_UGlass,860.0,0.000132814
OBS_UGlass,880.0,0.000127791
OBS_UGlass,900.0,0.000123117
OBS_UGlass,920.0,0.000118762
OBS_UGlass,940.0,0.000114698
OBS_UGlass,960.0,0.0001109
OBS_UGlass,980.0,0.000107346
OBS_UGlass,1000.0,0.000104015
OBS_UGlass,1020.0,0.00010089
OBS_UGlass,1040.0,9.79546e-05
OBS_UGlass,1060.0,9.5194e-05
OBS_UGlass,1080.0,9.25949e-05
OBS_UGlass,1100.0,9.01451e-05
OBS_UGlass,1120.0,8.78336e-05
OBS_UGlass,1140.0,8.56505e-05
OBS_UGlass,1160.0,8.35864e-05
OBS_UGlass,1180.0,8.16331e-05
OBS_UGlass,1200.0,7.97828e-05
OBS_UGlass,1220.0,7.80285e-05
OBS_UGlass,1240.0,7.63637e-05
OBS_UGlass,1260.0,7.47825e-05
OBS_UGlass,1280.0,7.32793e-05
OBS_UGlass,1300.0,7.18491e-05
OBS_UGlass,1320.0,7.04871e-05
OBS_UGlass,1340.0,6.91892e-05
OBS_UGlass,1360.0,6.79512e-05
OBS_UGlass,1380.0,6.67694e-05
OBS_UGlass,1400.0,6.56404e-05
OBS_UGlass,1420.0,6.45609e-05
OBS_UGlass,1440.0,6.35279e-05
OBS_UGlass,1460.0,6.25387e-05
OBS_UGlass,1480.0,6.15907e-05
OBS_UGlass,1500.0,6.06813e-05
OBS_UGlass,1520.0,5.98084e-05
OBS_UGlass,1540.0,5.89698e-05
OBS_UGlass,1560.0,5.81635e-05
OBS_UGlass,1580.0,5.73876e-05
OBS_UGlass,1600.0,5.66404e-05
OBS_UGlass,1620.0,5.59203e-05
OBS_UGlass,1640.0,5.52256e-05
OBS_UGlass,1660.0,5.45549e-05
OBS_UGlass,1680.0,5.39068e-05
OBS_UGlass,1700.0,5.328e-05
OBS_UGlass,1720.0,5.26734e-05
OBS_UGlass,1740.0,5.20856e-05
OBS_UGlass,1760.0,5.15158e-05
OBS_UGlass,1780.0,5.09627e-05
OBS_UGlass,1800.0,5.04254e-05
OBS_UGlass,1820.0,4.99031e-05
OBS_UGlass,1840.0,4.93948e-05
OBS_UGlass,1860.0,4.88996e-05
OBS_UGlass,1880.0,4.84168e-05
OBS_UGlass,1900.0,4.79457e-05
OBS_UGlass,1920.0,4.74855e-05
OBS_UGlass,1940.0,4.70355e-05
OBS_UGlass,1960.0,4.65951e-05
OBS_UGlass,1980.0,4.61638e-05
OBS_UGlass,2000.0,4.57408e-05
OBS_UGlass,2020.0,4.53256e-05
OBS_UGlass,2040.0,4.49178e-05
OBS_UGlass,2060.0,4.45168e-05
OBS_UGlass,2080.0,4.41221e-05
OBS_UGlass,2100.0,4.37332e-05
OBS_UGlass,2120.0,4.33499e-05
OBS_UGlass,2140.0,4.29715e-05
OBS_UGlass,2160.0,4.25978e-05
OBS_UGlass,2180.0,4.22284e-05
OBS_UGlass,2200.0,4.18629e-05
OBS_UGlass,2220.0,4.15009e-05
OBS_UGlass,2240.0,4.11422e-05
OBS_UGlass,2260.0,4.07864e-05
OBS_UGlass,2280.0,4.04333e-05
OBS_UGlass,2300.0,4.00826e-05
OBS_UGlass,2320.0,3.9734e-05
OBS_UGlass,2340.0,3.93873e-05
OBS_UGlass,2360.0,3.90422e-05
OBS_UGlass,2380.0,3.86985e-05
OBS_UGlass,2400.0,3.83561e-05
OBS_UGlass,2420.0,3.80147e-05
OBS_UGlass,2440.0,3.76741e-05
OBS_UGlass,2460.0,3.73342e-05
OBS_UGlass,2480.0,3.69947e-05
OBS_UGlass,2500.0,3.66557e-05
OBS_UGlass,2520.0,3.63168e-05
OBS_UGlass,2540.0,3.59781e-05
OBS_UGlass,2560.0,3.56393e-05
OBS_UGlass,2580.0,3.53004e-05
OBS_UGlass,2600.0,3.49612e-05
OBS_UGlass,2620.0,3.46217e-05
OBS_UGlass,2640.0,3.42818e-05
OBS_UGlass,2660.0,3.39414e-05
OBS_UGlass,2680.0,3.36004e-05
OBS_UGlass,2700.0,3.32588e-05
OBS_UGlass,2720.0,3.29166e-05
OBS_UGlass,2740.0,3.25737e-05
OBS_UGlass,2760.0,3.223e-05
OBS_UGlass,2780.0,3.18856e-05
OBS_UGlass,2800.0,3.15404e-05
OBS_UGlass,2820.0,3.11944e-05
OBS_UGlass,2840.0,3.08475e-05
OBS_UGlass,2860.0,3.04999e-05
OBS_UGlass,2880.0,3.01515e-05
OBS_UGlass,2900.0,2.98024e-05
OBS_UGlass,2920.0,2.94524e-05
OBS_UGlass,2940.0,2.91017e-05
OBS_UGlass,2960.0,2.87504e-05
OBS_UGlass,2980.0,2.83983e-05
OBS_UGlass,3000.0,2.80456e-05
RC101_I131,20.0,0.00243683
RC101_I131,40.0,0.00932679
RC101_I131,60.0,0.0119034
RC101_I131,80.0,0.0133467
RC101_I131,100.0,0.0136679
RC101_I131,120.0,0.0131107
RC101_I131,140.0,0.0120386
RC101_I131,160.0,0.0107541
RC101_I131,180.0,0.00945206
RC101_I131,200.0,0.0082373
RC101_I131,220.0,0.00715482
RC101_I131,240.0,0.00621537
RC101_I131,260.0,0.00541217
RC101_I131,280.0,0.00473086
RC101_I131,300.0,0.00415489
RC101_I131,320.0,0.00366818
RC101_I131,340.0,0.00325627
RC101_I131,360.0,0.00290667
RC101_I131,380.0,0.00260887
RC101_I131,400.0,0.00235415
RC101_I131,420.0,0.00213529
RC101_I131,440.0,0.00194637
RC101_I131,460.0,0.00178254
RC101_I131,480.0,0.0016398
RC101_I131,500.0,0.00151486
RC101_I131,520.0,0.00140501
RC101_I131,540.0,0.00130801
RC101_I131,560.0,0.00122199
RC101_I131,580.0,0.0011454
RC101_I131,600.0,0.00107694
RC101_I131,620.0,0.00101551
RC101_I131,640.0,0.000960187
RC101_I131,660.0,0.000910192
RC101_I131,680.0,0.00086486
RC101_I131,700.0,0.000823623
RC101_I131,720.0,0.000785994
RC101_I131,740.0,0.000751556
RC101_I131,760.0,0.000719947
RC101_I131,780.0,0.000690856
RC101_I131,800.0,0.00066401
RC101_I131,820.0,0.000639175
RC101_I131,840.0,0.000616142
RC101_I131,860.0,0.000594731
RC101_I131,880.0,0.000574782
RC101_I131,900.0,0.000556155
RC101_I131,920.0,0.000538727
RC101_I131,940.0,0.000522386
RC101_I131,960.0,0.000507036
RC101_I131,980.0,0.000492589
RC101_I131,1000.0,0.000478967
RC101_I131,1020.0,0.000466102
RC101_I131,1040.0,0.000453931
RC101_I131,1060.0,0.000442399
RC101_I131,1080.0,0.000431454
RC101_I131,1100.0,0.000421052
RC101_I131,1120.0,0.000411152
RC101_I131,1140.0,0.000401716
RC101_I131,1160.0,0.000392711
RC101_I131,1180.0,0.000384108
RC101_I131,1200.0,0.000375877
RC101_I131,1220.0,0.000367994
RC101_I131,1240.0,0.000360436
RC101_I131,1260.0,0.000353182
RC101_I131,1280.0,0.000346212
RC101_I131,1300.0,0.00033951
RC101_I131,1320.0,0.000333058
RC101_I131,1340.0,0.000326843
RC101_I131,1360.0,0.00032085
RC101_I131,1380.0,0.000315066
RC101_I131,1400.0,0.000309482
RC101_I131,1420.0,0.000304085
RC101_I131,1440.0,0.000298866
RC101_I131,1460.0,0.000293816
RC101_I131,1480.0,0.000288926
RC101_I131,1500.0,0.000284189
RC101_I131,1520.0,0.000279597
RC101_I131,1540.0,0.000275144
RC101_I131,1560.0,0.000270823
RC101_I131,1580.0,0.000266628
RC101_I131,1600.0,0.000262554
RC101_I131,1620.0,0.000258597
RC101_I131,1640.0,0.00025475
RC101_I131,1660.0,0.00025101
RC101_I131,1680.0,0.000247373
RC101_I131,1700.0,0.000243834
RC101_I131,1720.0,0.00024039
RC101_I131,1740.0,0.000237038
RC101_I131,1760.0,0.000233774
RC101_I131,1780.0,0.000230595
RC101_I131,1800.0,0.000227499
RC101_I131,1820.0,0.000224482
RC101_I131,1840.0,0.000221543
RC101_I131,1860.0,0.000218678
RC101_I131,1880.0,0.000215886
RC101_I131,1900.0,0.000213164
RC101_I131,1920.0,0.00021051
RC101_I131,1940.0,0.000207923
RC101_I131,1960.0,0.0002054
RC101_I131,1980.0,0.00020294
RC101_I131,2000.0,0.000200541
RC101_I131,2020.0,0.000198201
RC101_I131,2040.0,0.000195919
RC101_I131,2060.0,0.000193694
RC101_I131,2080.0,0.000191524
RC101_I131,2100.0,0.000189407
RC101_I131,2120.0,0.000187344
RC101_I131,2140.0,0.000185331
RC101_I131,2160.0,0.000183369
RC101_I131,2180.0,0.000181456
RC101_I131,2200.0,0.000179591
RC101_I131,2220.0,0.000177773
RC101_I131,2240.0,0.000176001
RC101_I131,2260.0,0.000174274
RC101_I131,2280.0,0.000172591
RC101_I131,2300.0,0.000170952
RC101_I131,2320.0,0.000169355
RC101_I131,2340.0,0.0001678
RC101_I131,2360.0,0.000166286
RC101_I131,2380.0,0.000164813
RC101_I131,2400.0,0.000163378
RC101_I131,2420.0,0.000161983
RC101_I131,2440.0,0.000160626
RC101_I131,2460.0,0.000159307
RC101_I131,2480.0,0.000158025
RC101_I131,2500.0,0.000156779
RC101_I131,2520.0,0.000155569
RC101_I131,2540.0,0.000154394
RC101_I131,2560.0,0.000153254
RC101_I131,2580.0,0.000152149
RC101_I131,2600.0,0.000151077
RC101_I131,2620.0,0.000150039
RC101_I131,2640.0,0.000149034
RC101_I131,2660.0,0.000148061
RC101_I131,2680.0,0.00014712
RC101_I131,2700.0,0.000146211
RC101_I131,2720.0,0.000145334
RC101_I131,2740.0,0.000144487
RC101_I131,2760.0,0.000143671
RC101_I131,2780.0,0.000142886
RC101_I131,2800.0,0.000142131
RC101_I131,2820.0,0.000141405
RC101_I131,2840.0,0.000140709
RC101_I131,2860.0,0.000140042
RC101_I131,2880.0,0.000139404
RC101_I131,2900.0,0.000138795
RC101_I131,2920.0,0.000138215
RC101_I131,2940.0,0.000137663
RC101_I131,2960.0,0.000137139
RC101_I131,2980.0,0.000136643
RC101_I131,3000.0,0.000136175
RC101_I131,3020.0,0.000135734
RC101_Th232,20.0,0.00243683
RC101_Th232,40.0,0.00932679
RC101_Th232,60.0,0.0119034
RC101_Th232,80.0,0.0133467
RC101_Th232,100.0,0.0136679
RC101_Th232,120.0,0.0131107
RC101_Th232,140.0,0.0120386
RC101_Th232,160.0,0.0107541
RC101_Th232,180.0,0.00945206
RC101_Th232,200.0,0.0082373
RC101_Th232,220.0,0.00715482
RC101_Th232,240.0,0.00621537
RC101_Th232,260.0,0.00541217
RC101_Th232,280.0,0.00473086
RC101_Th232,300.0,0.00415489
RC101_Th232,320.0,0.00366818
RC101_Th232,340.0,0.00325627
RC101_Th232,360.0,0.00290667
RC101_Th232,380.0,0.00260887
RC101_Th232,400.0,0.00235415
RC101_Th232,420.0,0.00213529
RC101_Th232,440.0,0.00194637
RC101_Th232,460.0,0.00178254
RC101_Th232,480.0,0.0016398
RC101_Th232,500.0,0.00151486
RC101_Th232,520.0,0.00140501
RC101_Th232,540.0,0.00130801
RC101_Th232,560.0,0.00122199
RC101_Th232,580.0,0.0011454
RC101_Th232,600.0,0.00107694
RC101_Th232,620.0,0.00101551
RC101_Th232,640.0,0.000960187
RC101_Th232,660.0,0.000910192
RC101_Th232,680.0,0.00086486
RC101_Th232,700.0,0.000823623
RC101_Th232,720.0,0.000785994
RC101_Th232,740.0,0.000751556
RC101_Th232,760.0,0.000719947
RC101_Th232,780.0,0.000690856
RC101_Th232,800.0,0.00066401
RC101_Th232,820.0,0.000639175
RC101_Th232,840.0,0.000616142
RC101_Th232,860.0,0.000594731
RC101_Th232,880.0,0.000574782
RC101_Th232,900.0,0.000556155
RC101_Th232,920.0,0.000538727
RC101_Th232,940.0,0.000522386
RC101_Th232,960.0,0.000507036
RC101_Th232,980.0,0.000492589
RC101_Th232,1000.0,0.000478967
RC101_Th232,1020.0,0.000466102
RC101_Th232,1040.0,0.000453931
RC101_Th232,1060.0,0.000442399
RC101_Th232,1080.0,0.000431454
RC101_Th232,1100.0,0.000421052
RC101_Th232,1120.0,0.000411152
RC101_Th232,1140.0,0.000401716
RC101_Th232,1160.0,0.000392711
RC101_Th232,1180.0,0.000384108
RC101_Th232,1200.0,0.000375877
RC101_Th232,1220.0,0.000367994
RC101_Th232,1240.0,0.000360436
RC101_Th232,1260.0,0.000353182
RC101_Th232,1280.0,0.000346212
RC101_Th232,1300.0,0.00033951
RC101_Th232,1320.0,0.000333058
RC101_Th232,1340.0,0.000326843
RC101_Th232,1360.0,0.00032085
RC101_Th232,1380.0,0.000315066
RC101_Th232,1400.0,0.000309482
RC101_Th232,1420.0,0.000304085
RC101_Th232,1440.0,0.000298866
RC101_Th232,1460.0,0.000293816
RC101_Th232,1480.0,0.000288926
RC101_Th232,1500.0,0.000284189
RC101_Th232,1520.0,0.000279597
RC101_Th232,1540.0,0.000275144
RC101_Th232,1560.0,0.000270823
RC101_Th232,1580.0,0.000266628
RC101_Th232,1600.0,0.000262554
RC101_Th232,1620.0,0.000258597
RC101_Th232,1640.0,0.00025475
RC101_Th232,1660.0,0.00025101
RC101_Th232,1680.0,0.000247373
RC101_Th232,1700.0,0.000243834
RC101_Th232,1720.0,0.00024039
RC101_Th232,1740.0,0.000237038
RC101_Th232,1760.0,0.000233774
RC101_Th232,1780.0,0.000230595
RC101_Th232,1800.0,0.000227499
RC101_Th232,1820.0,0.000224482
RC101_Th232,1840.0,0.000221543
RC101_Th232,1860.0,0.000218678
RC101_Th232,1880.0,0.000215886
RC101_Th232,1900.0,0.000213164
RC101_Th232,1920.0,0.00021051
RC101_Th232,1940.0,0.000207923
RC101_Th232,1960.0,0.0002054
RC101_Th232,1980.0,0.00020294
RC101_Th232,2000.0,0.000200541
RC101_Th232,2020.0,0.000198201
RC101_Th232,2040.0,0.000195919
RC101_Th232,2060.0,0.000193694
RC101_Th232,2080.0,0.000191524
RC101_Th232,2100.0,0.000189407
RC101_Th232,2120.0,0.000187344
RC101_Th232,2140.0,0.000185331
RC101_Th232,2160.0,0.000183369
RC101_Th232,2180.0,0.000181456
RC101_Th232,2200.0,0.000179591
RC101_Th232,2220.0,0.000177773
RC101_Th232,2240.0,0.000176001
RC101_Th232,2260.0,0.000174274
RC101_Th232,2280.0,0.000172591
RC101_Th232,2300.0,0.000170952
RC101_Th232,2320.0,0.000169355
RC101_Th232,2340.0,0.0001678
RC101_Th232,2360.0,0.000166286
RC101_Th232,2380.0,0.000164813
RC101_Th232,2400.0,0.000163378
RC101_Th232,2420.0,0.000161983
RC101_Th232,2440.0,0.000160626
RC101_Th232,2460.0,0.000159307
RC101_Th232,2480.0,0.000158025
RC101_Th232,2500.0,0.000156779
RC101_Th232,2520.0,0.000155569
RC101_Th232,2540.0,0.000154394
RC101_Th232,2560.0,0.000153254
RC101_Th232,2580.0,0.000152149
RC101_Th232,2600.0,0.000151077
RC101_Th232,2620.0,0.000150039
RC101_Th232,2640.0,0.000149034
RC101_Th232,2660.0,0.000148061
RC101_Th232,2680.0,0.00014712
RC101_Th232,2700.0,0.000146211
RC101_Th232,2720.0,0.000145334
RC101_Th232,2740.0,0.000144487
RC101_Th232,2760.0,0.000143671
RC101_Th232,2780.0,0.000142886
RC101_Th232,2800.0,0.000142131
RC101_Th232,2820.0,0.000141405
RC101_Th232,2840.0,0.000140709
RC101_Th232,2860.0,0.000140042
RC101_Th232,2880.0,0.000139404
RC101_Th232,2900.0,0.000138795
RC101_Th232,2920.0,0.000138215
RC101_Th232,2940.0,0.000137663
RC101_Th232,2960.0,0.000137139
RC101_Th232,2980.0,0.000136643
RC101_Th232,3000.0,0.000136175
RC101_Th232,3020.0,0.000135734
RC103_Background,20.0,0.00243683
RC103_Background,40.0,0.00932679
RC103_Background,60.0,0.0119034
RC103_Background,80.0,0.0133467
RC103_Background,100.0,0.0136679
RC103_Background,120.0,0.0131107
RC103_Background,140.0,0.0120386
RC103_Background,160.0,0.0107541
RC103_Background,180.0,0.00945206
RC103_Background,200.0,0.0082373
RC103_Background,220.0,0.00715482
RC103_Background,240.0,0.00621537
RC103_Background,260.0,0.00541217
RC103_Background,280.0,0.00473086
RC103_Background,300.0,0.00415489
RC103_Background,320.0,0.00366818
RC103_Background,340.0,0.00325627
RC103_Background,360.0,0.00290667
RC103_Background,380.0,0.00260887
RC103_Background,400.0,0.00235415
RC103_Background,420.0,0.00213529
RC103_Background,440.0,0.00194637
RC103_Background,460.0,0.00178254
RC103_Background,480.0,0.0016398
RC103_Background,500.0,0.00151486
RC103_Background,520.0,0.00140501
RC103_Background,540.0,0.00130801
RC103_Background,560.0,0.00122199
RC103_Background,580.0,0.0011454
RC103_Background,600.0,0.00107694
RC103_Background,620.0,0.00101551
RC103_Background,640.0,0.000960187
RC103_Background,660.0,0.000910192
RC103_Background,680.0,0.00086486
RC103_Background,700.0,0.000823623
RC103_Background,720.0,0.000785994
RC103_Background,740.0,0.000751556
RC103_Background,760.0,0.000719947
RC103_Background,780.0,0.000690856
RC103_Background,800.0,0.00066401
RC103_Background,820.0,0.000639175
RC103_Background,840.0,0.000616142
RC103_Background,860.0,0.000594731
RC103_Background,880.0,0.000574782
RC103_Background,900.0,0.000556155
RC103_Background,920.0,0.000538727
RC103_Background,940.0,0.000522386
RC103_Background,960.0,0.000507036
RC103_Background,980.0,0.000492589
RC103_Background,1000.0,0.000478967
RC103_Background,1020.0,0.000466102
RC103_Background,1040.0,0.000453931
RC103_Background,1060.0,0.000442399
RC103_Background,1080.0,0.000431454
RC103_Background,1100.0,0.000421052
RC103_Background,1120.0,0.000411152
RC103_Background,1140.0,0.000401716
RC103_Background,1160.0,0.000392711
RC103_Background,1180.0,0.000384108
RC103_Background,1200.0,0.000375877
RC103_Background,1220.0,0.000367994
RC103_Background,1240.0,0.000360436
RC103_Background,1260.0,0.000353182
RC103_Background,1280.0,0.000346212
RC103_Background,1300.0,0.00033951
RC103_Background,1320.0,0.000333058
RC103_Background,1340.0,0.000326843
RC103_Background,1360.0,0.00032085
RC103_Background,1380.0,0.000315066
RC103_Background,1400.0,0.000309482
RC103_Background,1420.0,0.000304085
RC103_Background,1440.0,0.000298866
RC103_Background,1460.0,0.000293816
RC103_Background,1480.0,0.000288926
RC103_Background,1500.0,0.000284189
RC103_Background,1520.0,0.000279597
RC103_Background,1540.0,0.000275144
RC103_Background,1560.0,0.000270823
RC103_Background,1580.0,0.000266628
RC103_Background,1600.0,0.000262554
RC103_Background,1620.0,0.000258597
RC103_Background,1640.0,0.00025475
RC103_Background,1660.0,0.00025101
RC103_Background,1680.0,0.000247373
RC103_Background,1700.0,0.000243834
RC103_Background,1720.0,0.00024039
RC103_Background,1740.0,0.000237038
RC103_Background,1760.0,0.000233774
RC103_Background,1780.0,0.000230595
RC103_Background,1800.0,0.000227499
RC103_Background,1820.0,0.000224482
RC103_Background,1840.0,0.000221543
RC103_Background,1860.0,0.000218678
RC103_Background,1880.0,0.000215886
RC103_Background,1900.0,0.000213164
RC103_Background,1920.0,0.00021051
RC103_Background,1940.0,0.000207923
RC103_Background,1960.0,0.0002054
RC103_Background,1980.0,0.00020294
RC103_Background,2000.0,0.000200541
RC103_Background,2020.0,0.000198201
RC103_Background,2040.0,0.000195919
RC103_Background,2060.0,0.000193694
RC103_Background,2080.0,0.000191524
RC103_Background,2100.0,0.000189407
RC103_Background,2120.0,0.000187344
RC103_Background,2140.0,0.000185331
RC103_Background,2160.0,0.000183369
RC103_Background,2180.0,0.000181456
RC103_Background,2200.0,0.000179591
RC103_Background,2220.0,0.000177773
RC103_Background,2240.0,0.000176001
RC103_Background,2260.0,0.000174274
RC103_Background,2280.0,0.000172591
RC103_Background,2300.0,0.000170952
RC103_Background,2320.0,0.000169355
RC103_Background,2340.0,0.0001678
RC103_Background,2360.0,0.000166286
RC103_Background,2380.0,0.000164813
RC103_Background,2400.0,0.000163378
RC103_Background,2420.0,0.000161983
RC103_Background,2440.0,0.000160626
RC103_Background,2460.0,0.000159307
RC103_Background,2480.0,0.000158025
RC103_Background,2500.0,0.000156779
RC103_Background,2520.0,0.000155569
RC103_Background,2540.0,0.000154394
RC103_Background,2560.0,0.000153254
RC103_Background,2580.0,0.000152149
RC103_Background,2600.0,0.000151077
RC103_Background,2620.0,0.000150039
RC103_Background,2640.0,0.000149034
RC103_Background,2660.0,0.000148061
RC103_Background,2680.0,0.00014712
RC103_Background,2700.0,0.000146211
RC103_Background,2720.0,0.000145334
RC103_Background,2740.0,0.000144487
RC103_Background,2760.0,0.000143671
RC103_Background,2780.0,0.000142886
RC103_Background,2800.0,0.000142131
RC103_Background,2820.0,0.000141405
RC103_Background,2840.0,0.000140709
RC103_Background,2860.0,0.000140042
RC103_Background,2880.0,0.000139404
RC103_Background,2900.0,0.000138795
RC103_Background,2920.0,0.000138215
RC103_Background,2940.0,0.000137663
RC103_Background,2960.0,0.000137139
RC103_Background,2980.0,0.000136643
RC103_Background,3000.0,0.000136175
RC103_Background,3020.0,0.000135734
RC103_Co60,20.0,0.00243683
RC103_Co60,40.0,0.00932679
RC103_Co60,60.0,0.0119034
RC103_Co60,80.0,0.0133467
RC103_Co60,100.0,0.0136679
RC103_Co60,120.0,0.0131107
RC103_Co60,140.0,0.0120386
RC103_Co60,160.0,0.0107541
RC103_Co60,180.0,0.00945206
RC103_Co60,200.0,0.0082373
RC103_Co60,220.0,0.00715482
RC103_Co60,240.0,0.00621537
RC103_Co60,260.0,0.00541217
RC103_Co60,280.0,0.00473086
RC103_Co60,300.0,0.00415489
RC103_Co60,320.0,0.00366818
RC103_Co60,340.0,0.00325627
RC103_Co60,360.0,0.00290667
RC103_Co60,380.0,0.00260887
RC103_Co60,400.0,0.00235415
RC103_Co60,420.0,0.00213529
RC103_Co60,440.0,0.00194637
RC103_Co60,460.0,0.00178254
RC103_Co60,480.0,0.0016398
RC103_Co60,500.0,0.00151486
RC103_Co60,520.0,0.00140501
RC103_Co60,540.0,0.00130801
RC103_Co60,560.0,0.00122199
RC103_Co60,580.0,0.0011454
RC103_Co60,600.0,0.00107694
RC103_Co60,620.0,0.00101551
RC103_Co60,640.0,0.000960187
RC103_Co60,660.0,0.000910192
RC103_Co60,680.0,0.00086486
RC103_Co60,700.0,0.000823623
RC103_Co60,720.0,0.000785994
RC103_Co60,740.0,0.000751556
RC103_Co60,760.0,0.000719947
RC103_Co60,780.0,0.000690856
RC103_Co60,800.0,0.00066401
RC103_Co60,820.0,0.000639175
RC103_Co60,840.0,0.000616142
RC103_Co60,860.0,0.000594731
RC103_Co60,880.0,0.000574782
RC103_Co60,900.0,0.000556155
RC103_Co60,920.0,0.000538727
RC103_Co60,940.0,0.000522386
RC103_Co60,960.0,0.000507036
RC103_Co60,980.0,0.000492589
RC103_Co60,1000.0,0.000478967
RC103_Co60,1020.0,0.000466102
RC103_Co60,1040.0,0.000453931
RC103_Co60,1060.0,0.000442399
RC103_Co60,1080.0,0.000431454
RC103_Co60,1100.0,0.000421052
RC103_Co60,1120.0,0.000411152
RC103_Co60,1140.0,0.000401716
RC103_Co60,1160.0,0.000392711
RC103_Co60,1180.0,0.000384108
RC103_Co60,1200.0,0.000375877
RC103_Co60,1220.0,0.000367994
RC103_Co60,1240.0,0.000360436
RC103_Co60,1260.0,0.000353182
RC103_Co60,1280.0,0.000346212
RC103_Co60,1300.0,0.00033951
RC103_Co60,1320.0,0.000333058
RC103_Co60,1340.0,0.000326843
RC103_Co60,1360.0,0.00032085
RC103_Co60,1380.0,0.000315066
RC103_Co60,1400.0,0.000309482
RC103_Co60,1420.0,0.000304085
RC103_Co60,1440.0,0.000298866
RC103_Co60,1460.0,0.000293816
RC103_Co60,1480.0,0.000288926
RC103_Co60,1500.0,0.000284189
RC103_Co60,1520.0,0.000279597
RC103_Co60,1540.0,0.000275144
RC103_Co60,1560.0,0.000270823
RC103_Co60,1580.0,0.000266628
RC103_Co60,1600.0,0.000262554
RC103_Co60,1620.0,0.000258597
RC103_Co60,1640.0,0.00025475
RC103_Co60,1660.0,0.00025101
RC103_Co60,1680.0,0.000247373
RC103_Co60,1700.0,0.000243834
RC103_Co60,1720.0,0.00024039
RC103_Co60,1740.0,0.000237038
RC103_Co60,1760.0,0.000233774
RC103_Co60,1780.0,0.000230595
RC103_Co60,1800.0,0.000227499
RC103_Co60,1820.0,0.000224482
RC103_Co60,1840.0,0.000221543
RC103_Co60,1860.0,0.000218678
RC103_Co60,1880.0,0.000215886
RC103_Co60,1900.0,0.000213164
RC103_Co60,1920.0,0.00021051
RC103_Co60,1940.0,0.000207923
RC103_Co60,1960.0,0.0002054
RC103_Co60,1980.0,0.00020294
RC103_Co60,2000.0,0.000200541
RC103_Co60,2020.0,0.000198201
RC103_Co60,2040.0,0.000195919
RC103_Co60,2060.0,0.000193694
RC103_Co60,2080.0,0.000191524
RC103_Co60,2100.0,0.000189407
RC103_Co60,2120.0,0.000187344
RC103_Co60,2140.0,0.000185331
RC103_Co60,2160.0,0.000183369
RC103_Co60,2180.0,0.000181456
RC103_Co60,2200.0,0.000179591
RC103_Co60,2220.0,0.000177773
RC103_Co60,2240.0,0.000176001
RC103_Co60,2260.0,0.000174274
RC103_Co60,2280.0,0.000172591
RC103_Co60,2300.0,0.000170952
RC103_Co60,2320.0,0.000169355
RC103_Co60,2340.0,0.0001678
RC103_Co60,2360.0,0.000166286
RC103_Co60,2380.0,0.000164813
RC103_Co60,2400.0,0.000163378
RC103_Co60,2420.0,0.000161983
RC103_Co60,2440.0,0.000160626
RC103_Co60,2460.0,0.000159307
RC103_Co60,2480.0,0.000158025
RC103_Co60,2500.0,0.000156779
RC103_Co60,2520.0,0.000155569
RC103_Co60,2540.0,0.000154394
RC103_Co60,2560.0,0.000153254
RC103_Co60,2580.0,0.000152149
RC103_Co60,2600.0,0.000151077
RC103_Co60,2620.0,0.000150039
RC103_Co60,2640.0,0.000149034
RC103_Co60,2660.0,0.000148061
RC103_Co60,2680.0,0.00014712
RC103_Co60,2700.0,0.000146211
RC103_Co60,2720.0,0.000145334
RC103_Co60,2740.0,0.000144487
RC103_Co60,2760.0,0.000143671
RC103_Co60,2780.0,0.000142886
RC103_Co60,2800.0,0.000142131
RC103_Co60,2820.0,0.000141405
RC103_Co60,2840.0,0.000140709
RC103_Co60,2860.0,0.000140042
RC103_Co60,2880.0,0.000139404
RC103_Co60,2900.0,0.000138795
RC103_Co60,2920.0,0.000138215
RC103_Co60,2940.0,0.000137663
RC103_Co60,2960.0,0.000137139
RC103_Co60,2980.0,0.000136643
RC103_Co60,3000.0,0.000136175
RC103_Co60,3020.0,0.000135734
RC103_K40,20.0,0.0455616
RC103_K40,40.0,0.00276634
RC103_K40,60.0,0.00224553
RC103_K40,80.0,0.00245127
RC103_K40,100.0,0.00258054
RC103_K40,120.0,0.00253231
RC103_K40,140.0,0.00235113
RC103_K40,160.0,0.00210443
RC103_K40,180.0,0.00184289
RC103_K40,200.0,0.00159543
RC103_K40,220.0,0.00137502
RC103_K40,240.0,0.00118519
RC103_K40,260.0,0.00102467
RC103_K40,280.0,0.000890194
RC103_K40,300.0,0.000777951
RC103_K40,320.0,0.000684258
RC103_K40,340.0,0.000605868
RC103_K40,360.0,0.000540029
RC103_K40,380.0,0.000484469
RC103_K40,400.0,0.000437333
RC103_K40,420.0,0.000397121
RC103_K40,440.0,0.000362618
RC103_K40,460.0,0.000332845
RC103_K40,480.0,0.000307006
RC103_K40,500.0,0.000284457
RC103_K40,520.0,0.000264674
RC103_K40,540.0,0.000247225
RC103_K40,560.0,0.000231757
RC103_K40,580.0,0.000217979
RC103_K40,600.0,0.000205648
RC103_K40,620.0,0.000194563
RC103_K40,640.0,0.000184554
RC103_K40,660.0,0.000175479
RC103_K40,680.0,0.000167218
RC103_K40,700.0,0.00015967
RC103_K40,720.0,0.000152747
RC103_K40,740.0,0.000146376
RC103_K40,760.0,0.000140493
RC103_K40,780.0,0.000135044
RC103_K40,800.0,0.00012998
RC103_K40,820.0,0.000125261
RC103_K40,840.0,0.000120852
RC103_K40,860.0,0.000116721
RC103_K40,880.0,0.000112841
RC103_K40,900.0,0.000109188
RC103_K40,920.0,0.000105741
RC103_K40,940.0,0.000102482
RC103_K40,960.0,9.93941e-05
RC103_K40,980.0,9.64633e-05
RC103_K40,1000.0,9.36766e-05
RC103_K40,1020.0,9.10224e-05
RC103_K40,1040.0,8.84907e-05
RC103_K40,1060.0,8.60723e-05
RC103_K40,1080.0,8.37591e-05
RC103_K40,1100.0,8.15437e-05
RC103_K40,1120.0,7.94195e-05
RC103_K40,1140.0,7.73807e-05
RC103_K40,1160.0,7.54218e-05
RC103_K40,1180.0,7.3538e-05
RC103_K40,1200.0,7.17249e-05
RC103_K40,1220.0,6.99785e-05
RC103_K40,1240.0,6.82951e-05
RC103_K40,1260.0,6.66715e-05
RC103_K40,1280.0,6.51046e-05
RC103_K40,1300.0,6.35915e-05
RC103_K40,1320.0,6.21299e-05
RC103_K40,1340.0,6.07171e-05
RC103_K40,1360.0,5.93512e-05
RC103_K40,1380.0,5.80301e-05
RC103_K40,1400.0,5.67519e-05
RC103_K40,1420.0,5.55149e-05
RC103_K40,1440.0,5.43175e-05
RC103_K40,1460.0,5.31581e-05
RC103_K40,1480.0,5.20353e-05
RC103_K40,1500.0,5.09479e-05
RC103_K40,1520.0,4.98946e-05
RC103_K40,1540.0,4.88741e-05
RC103_K40,1560.0,4.78855e-05
RC103_K40,1580.0,4.69277e-05
RC103_K40,1600.0,4.59996e-05
RC103_K40,1620.0,4.51004e-05
RC103_K40,1640.0,4.42291e-05
RC103_K40,1660.0,4.33849e-05
RC103_K40,1680.0,4.25671e-05
RC103_K40,1700.0,4.17748e-05
RC103_K40,1720.0,4.10072e-05
RC103_K40,1740.0,4.02638e-05
RC103_K40,1760.0,3.95438e-05
RC103_K40,1780.0,3.88465e-05
RC103_K40,1800.0,3.81715e-05
RC103_K40,1820.0,3.7518e-05
RC103_K40,1840.0,3.68855e-05
RC103_K40,1860.0,3.62734e-05
RC103_K40,1880.0,3.56813e-05
RC103_K40,1900.0,3.51086e-05
RC103_K40,1920.0,3.45548e-05
RC103_K40,1940.0,3.40195e-05
RC103_K40,1960.0,3.35022e-05
RC103_K40,1980.0,3.30024e-05
RC103_K40,2000.0,3.25198e-05
RC103_K40,2020.0,3.2054e-05
RC103_K40,2040.0,3.16045e-05
RC103_K40,2060.0,3.11711e-05
RC103_K40,2080.0,3.07532e-05
RC103_K40,2100.0,3.03507e-05
RC103_K40,2120.0,2.99631e-05
RC103_K40,2140.0,2.95901e-05
RC103_K40,2160.0,2.92315e-05
RC103_K40,2180.0,2.88869e-05
RC103_K40,2200.0,2.85561e-05
RC103_K40,2220.0,2.82388e-05
RC103_K40,2240.0,2.79348e-05
RC103_K40,2260.0,2.76437e-05
RC103_K40,2280.0,2.73654e-05
RC103_K40,2300.0,2.70996e-05
RC103_K40,2320.0,2.68462e-05
RC103_K40,2340.0,2.6605e-05
RC103_K40,2360.0,2.63756e-05
RC103_K40,2380.0,2.61581e-05
RC103_K40,2400.0,2.59522e-05
RC103_K40,2420.0,2.57577e-05
RC103_K40,2440.0,2.55746e-05
RC103_K40,2460.0,2.54026e-05
RC103_K40,2480.0,2.52417e-05
RC103_K40,2500.0,2.50918e-05
RC103_K40,2520.0,2.49527e-05
RC103_K40,2540.0,2.48243e-05
RC103_K40,2560.0,2.47067e-05
RC103_K40,2580.0,2.45997e-05
RC103_K40,2600.0,2.45032e-05
RC103_K40,2620.0,2.44173e-05
RC103_K40,2640.0,2.43419e-05
RC103_K40,2660.0,2.42769e-05
RC103_K40,2680.0,2.42223e-05
RC103_K40,2700.0,2.41782e-05
RC103_K40,2720.0,2.41446e-05
RC103_K40,2740.0,2.41215e-05
RC103_K40,2760.0,2.41088e-05
RC103_K40,2780.0,2.41068e-05
RC103_K40,2800.0,2.41154e-05
RC103_K40,2820.0,2.41347e-05
RC103_K40,2840.0,2.41647e-05
RC103_K40,2860.0,2.42057e-05
RC103_K40,2880.0,2.42577e-05
RC103_K40,2900.0,2.43208e-05
RC103_K40,2920.0,2.43952e-05
RC103_K40,2940.0,2.4481e-05
RC103_K40,2960.0,2.45784e-05
RC103_K40,2980.0,2.46877e-05
RC103_K40,3000.0,2.48089e-05
RC103_Th232WT20,20.0,0.00243683
RC103_Th232WT20,40.0,0.00932679
RC103_Th232WT20,60.0,0.0119034
RC103_Th232WT20,80.0,0.0133467
RC103_Th232WT20,100.0,0.0136679
RC103_Th232WT20,120.0,0.0131107
RC103_Th232WT20,140.0,0.0120386
RC103_Th232WT20,160.0,0.0107541
RC103_Th232WT20,180.0,0.00945206
RC103_Th232WT20,200.0,0.0082373
RC103_Th232WT20,220.0,0.00715482
RC103_Th232WT20,240.0,0.00621537
RC103_Th232WT20,260.0,0.00541217
RC103_Th232WT20,280.0,0.00473086
RC103_Th232WT20,300.0,0.00415489
RC103_Th232WT20,320.0,0.00366818
RC103_Th232WT20,340.0,0.00325627
RC103_Th232WT20,360.0,0.00290667
RC103_Th232WT20,380.0,0.00260887
RC103_Th232WT20,400.0,0.00235415
RC103_Th232WT20,420.0,0.00213529
RC103_Th232WT20,440.0,0.00194637
RC103_Th232WT20,460.0,0.00178254
RC103_Th232WT20,480.0,0.0016398
RC103_Th232WT20,500.0,0.00151486
RC103_Th232WT20,520.0,0.00140501
RC103_Th232WT20,540.0,0.00130801
RC103_Th232WT20,560.0,0.00122199
RC103_Th232WT20,580.0,0.0011454
RC103_Th232WT20,600.0,0.00107694
RC103_Th232WT20,620.0,0.00101551
RC103_Th232WT20,640.0,0.000960187
RC103_Th232WT20,660.0,0.000910192
RC103_Th232WT20,680.0,0.00086486
RC103_Th232WT20,700.0,0.000823623
RC103_Th232WT20,720.0,0.000785994
RC103_Th232WT20,740.0,0.000751556
RC103_Th232WT20,760.0,0.000719947
RC103_Th232WT20,780.0,0.000690856
RC103_Th232WT20,800.0,0.00066401
RC103_Th232WT20,820.0,0.000639175
RC103_Th232WT20,840.0,0.000616142
RC103_Th232WT20,860.0,0.000594731
RC103_Th232WT20,880.0,0.000574782
RC103_Th232WT20,900.0,0.000556155
RC103_Th232WT20,920.0,0.000538727
RC103_Th232WT20,940.0,0.000522386
RC103_Th232WT20,960.0,0.000507036
RC103_Th232WT20,980.0,0.000492589
RC103_Th232WT20,1000.0,0.000478967
RC103_Th232WT20,1020.0,0.000466102
RC103_Th232WT20,1040.0,0.000453931
RC103_Th232WT20,1060.0,0.000442399
RC103_Th232WT20,1080.0,0.000431454
RC103_Th232WT20,1100.0,0.000421052
RC103_Th232WT20,1120.0,0.000411152
RC103_Th232WT20,1140.0,0.000401716
RC103_Th232WT20,1160.0,0.000392711
RC103_Th232WT20,1180.0,0.000384108
RC103_Th232WT20,1200.0,0.000375877
RC103_Th232WT20,1220.0,0.000367994
RC103_Th232WT20,1240.0,0.000360436
RC103_Th232WT20,1260.0,0.000353182
RC103_Th232WT20,1280.0,0.000346212
RC103_Th232WT20,1300.0,0.00033951
RC103_Th232WT20,1320.0,0.000333058
RC103_Th232WT20,1340.0,0.000326843
RC103_Th232WT20,1360.0,0.00032085
RC103_Th232WT20,1380.0,0.000315066
RC103_Th232WT20,1400.0,0.000309482
RC103_Th232WT20,1420.0,0.000304085
RC103_Th232WT20,1440.0,0.000298866
RC103_Th232WT20,1460.0,0.000293816
RC103_Th232WT20,1480.0,0.000288926
RC103_Th232WT20,1500.0,0.000284189
RC103_Th232WT20,1520.0,0.000279597
RC103_Th232WT20,1540.0,0.000275144
RC103_Th232WT20,1560.0,0.000270823
RC103_Th232WT20,1580.0,0.000266628
RC103_Th232WT20,1600.0,0.000262554
RC103_Th232WT20,1620.0,0.000258597
RC103_Th232WT20,1640.0,0.00025475
RC103_Th232WT20,1660.0,0.00025101
RC103_Th232WT20,1680.0,0.000247373
RC103_Th232WT20,1700.0,0.000243834
RC103_Th232WT20,1720.0,0.00024039
RC103_Th232WT20,1740.0,0.000237038
RC103_Th232WT20,1760.0,0.000233774
RC103_Th232WT20,1780.0,0.000230595
RC103_Th232WT20,1800.0,0.000227499
RC103_Th232WT20,1820.0,0.000224482
RC103_Th232WT20,1840.0,0.000221543
RC103_Th232WT20,1860.0,0.000218678
RC103_Th232WT20,1880.0,0.000215886
RC103_Th232WT20,1900.0,0.000213164
RC103_Th232WT20,1920.0,0.00021051
RC103_Th232WT20,1940.0,0.000207923
RC103_Th232WT20,1960.0,0.0002054
RC103_Th232WT20,1980.0,0.00020294
RC103_Th232WT20,2000.0,0.000200541
RC103_Th232WT20,2020.0,0.000198201
RC103_Th232WT20,2040.0,0.000195919
RC103_Th232WT20,2060.0,0.000193694
RC103_Th232WT20,2080.0,0.000191524
RC103_Th232WT20,2100.0,0.000189407
RC103_Th232WT20,2120.0,0.000187344
RC103_Th232WT20,2140.0,0.000185331
RC103_Th232WT20,2160.0,0.000183369
RC103_Th232WT20,2180.0,0.000181456
RC103_Th232WT20,2200.0,0.000179591
RC103_Th232WT20,2220.0,0.000177773
RC103_Th232WT20,2240.0,0.000176001
RC103_Th232WT20,2260.0,0.000174274
RC103_Th232WT20,2280.0,0.000172591
RC103_Th232WT20,2300.0,0.000170952
RC103_Th232WT20,2320.0,0.000169355
RC103_Th232WT20,2340.0,0.0001678
RC103_Th232WT20,2360.0,0.000166286
RC103_Th232WT20,2380.0,0.000164813
RC103_Th232WT20,2400.0,0.000163378
RC103_Th232WT20,2420.0,0.000161983
RC103_Th232WT20,2440.0,0.000160626
RC103_Th232WT20,2460.0,0.000159307
RC103_Th232WT20,2480.0,0.000158025
RC103_Th232WT20,2500.0,0.000156779
RC103_Th232WT20,2520.0,0.000155569
RC103_Th232WT20,2540.0,0.000154394
RC103_Th232WT20,2560.0,0.000153254
RC103_Th232WT20,2580.0,0.000152149
RC103_Th232WT20,2600.0,0.000151077
RC103_Th232WT20,2620.0,0.000150039
RC103_Th232WT20,2640.0,0.000149034
RC103_Th232WT20,2660.0,0.000148061
RC103_Th232WT20,2680.0,0.00014712
RC103_Th232WT20,2700.0,0.000146211
RC103_Th232WT20,2720.0,0.000145334
RC103_Th232WT20,2740.0,0.000144487
RC103_Th232WT20,2760.0,0.000143671
RC103_Th232WT20,2780.0,0.000142886
RC103_Th232WT20,2800.0,0.000142131
RC103_Th232WT20,2820.0,0.000141405
RC103_Th232WT20,2840.0,0.000140709
RC103_Th232WT20,2860.0,0.000140042
RC103_Th232WT20,2880.0,0.000139404
RC103_Th232WT20,2900.0,0.000138795
RC103_Th232WT20,2920.0,0.000138215
RC103_Th232WT20,2940.0,0.000137663
RC103_Th232WT20,2960.0,0.000137139
RC103_Th232WT20,2980.0,0.000136643
RC103_Th232WT20,3000.0,0.000136175
RC103_Th232WT20,3020.0,0.000135734
