# СПИСОК ПОЛОСЫ П20 (`W5`) — ТРЕТЬЯ ВЫБОРКА, 10.09.2026.
#
# ⛔ Числа этого списка НЕ сравнивать ни с объявленной малой базой, ни с
# полным корпусом: только плечо А/Б внутри захода, ОБА плеча этим же списком.
#
# Почему НЕ те три спектра, что названы в строке `W5` (`ASN16_Th232`,
# `AS80_Th232WT20`, `RC103_Th232WT20`): все три лежат в НЕПОНЯТНОЙ части, то
# есть без матрицы отклика, а `FsaCascadeSummer.Create` без матрицы возвращает
# null — каскадного суммирования там нет вовсе, и ключ `--no-cascade` на них не
# меняет ничего по построению. Ториевых спектров С матрицей в корпусе десять,
# и все они у приборов G1S16/G1S24.
spectrum,det,part,scene,why
G1S16_Th232_Petri,G1S16,known,G1S_petri60_oisn10_100_p16,торий с матрицей: Петри-60
G1S16_Th232_Denta100,G1S16,known,G1S_denta100_oisn10_100_p16,торий с матрицей: Дента-100
G1S16_Th232_Mar_2,G1S16,known,G1S_mar1l_oisn06_055_p16,торий с матрицей: маринелли
G1S24_Th232_Petri,G1S24,known,G1S_petri60_oisn06_064_p24,тот же образец на втором приборе
G1S24_Th232_Mar,G1S24,known,G1S_mar1l_oisn06_064_p24,второй прибор, маринелли
G1S24_Bi207_P5,G1S24,known,G1S_point5,каскадный нуклид точкой; он же единственный задетый `D49` в корпусе
G1S16_Cs137_P5,G1S16,known,G1S_point5,ПОЛОЖИТЕЛЬНЫЙ КОНТРОЛЬ: уровень Ba-137 живёт 153 с — суммирования быть не может
G1S24_Cs137_P5,G1S24,known,G1S_point5,ПОЛОЖИТЕЛЬНЫЙ КОНТРОЛЬ на втором приборе
