key,channels,ch,e,count,sig
AS1Pro_Ra226,8192,141,47.8872,30943,350.733
AS1Pro_Ra226,8192,503,186.2110,22284,386.389
AS1Pro_Ra226,8192,644,242.1346,20012,518.779
AS1Pro_Ra226,8192,779,295.0377,27905,910.899
AS1Pro_Ra226,8192,925,351.7207,34871,1409.082
AS1Pro_Ra226,8192,1566,608.2504,14466,1094.293
AS1Pro_Ra226,8192,1970,775.9746,2584,158.936
AS1Pro_Ra226,8192,2367,935.1162,1691,81.723
AS1Pro_Ra226,8192,2815,1123.7353,2573,308.089
AS1Pro_Ra226,8192,3116,1246.5688,1412,86.122
AS1Pro_Ra226,8192,3470,1390.6382,1428,190.353
AS1Pro_Ra226,8192,4365,1758.9760,1397,485.668
AS80_Cs137_0cm,8192,550,198.1145,6468,61.550
AS80_Cs137_0cm,8192,972,348.6671,3341,5.132
AS80_Cs137_0cm,8192,1810,661.6570,23426,1531.335
AS80_Cs137_0cm,8192,2460,906.5067,143,7.099
AS80_Cs137_0cm,8192,3021,1120.2940,86,17.807
AS80_Cs137_0cm,8192,3894,1460.8200,156,106.971
AS80_Cs137_0cm,8192,4680,1764.4910,19,30.770
AS80_Cs137_0cm,8192,6953,2614.5110,15,42.040
AS80_K40,8192,672,239.2519,41025,74.734
AS80_K40,8192,982,348.6671,19377,95.361
AS80_K40,8192,1425,510.9612,9097,12.913
AS80_K40,8192,1669,598.8146,8607,193.661
AS80_K40,8192,2494,913.6510,4219,31.982
AS80_K40,8192,2649,963.5695,4092,24.474
AS80_K40,8192,3058,1120.2940,3841,103.544
AS80_K40,8192,3975,1460.8200,11388,1717.477
AS80_K40,8192,4766,1764.4910,563,234.802
AS80_K40,8192,5705,2204.1000,236,72.546
AS80_K40,8192,7067,2614.5110,268,213.598
AS80_Lu176,8192,260,88.3400,1634,22.173
AS80_Lu176,8192,568,201.8121,3738,308.697
AS80_Lu176,8192,853,306.6556,2879,399.167
AS80_Lu176,8192,1431,510.9612,266,100.090
AS80_Lu176,8192,3868,1460.8200,49,66.613
AS80_Lu176,8192,4655,1764.4910,5,21.995
AS80_Onyx,8192,684,239.0064,42395,63.063
AS80_Onyx,8192,994,347.2333,20269,118.022
AS80_Onyx,8192,1421,510.2144,8909,12.758
AS80_Onyx,8192,1685,598.7245,8807,234.192
AS80_Onyx,8192,2533,906.9511,3589,58.614
AS80_Onyx,8192,2666,963.4324,3157,7.942
AS80_Onyx,8192,3080,1122.0567,2711,107.643
AS80_Onyx,8192,3988,1459.0087,4445,743.214
AS80_Onyx,8192,5797,2204.1083,282,46.931
AS80_Onyx,8192,7137,2614.5110,372,240.959
AS80_Th232Medal,8192,673,238.3713,54055,1085.256
AS80_Th232Medal,8192,951,337.7977,16121,417.332
AS80_Th232Medal,8192,1273,462.2400,5587,43.324
AS80_Th232Medal,8192,1407,511.1524,5774,74.184
AS80_Th232Medal,8192,1605,584.2982,9928,622.782
AS80_Th232Medal,8192,1983,739.3053,3279,70.592
AS80_Th232Medal,8192,2463,904.4670,4691,214.820
AS80_Th232Medal,8192,2629,967.4683,3201,79.691
AS80_Th232Medal,8192,3001,1103.8172,1240,121.219
AS80_Th232Medal,8192,3896,1472.3221,1096,184.496
AS80_Th232Medal,8192,5653,2204.1000,432,80.113
AS80_Th232Medal,8192,6955,2614.5110,791,308.311
AS80_Th232WT20,8192,178,60.3406,60855,347.039
AS80_Th232WT20,8192,669,238.8582,68950,871.523
AS80_Th232WT20,8192,935,337.7977,34038,580.851
AS80_Th232WT20,8192,1268,462.2400,16007,77.336
AS80_Th232WT20,8192,1402,510.7364,16888,159.266
AS80_Th232WT20,8192,1591,584.4152,23348,827.185
AS80_Th232WT20,8192,1965,730.6708,8951,126.259
AS80_Th232WT20,8192,2136,785.5184,7664,43.722
AS80_Th232WT20,8192,2447,910.8873,15502,440.731
AS80_Th232WT20,8192,2614,967.4683,10294,174.113
AS80_Th232WT20,8192,2964,1103.8172,2170,126.518
AS80_Th232WT20,8192,3878,1470.0484,1916,104.636
AS80_Th232WT20,8192,6902,2614.5110,2410,612.997
ASN16_Am241,8192,182,59.5409,1126654,5361.432
ASN16_Am241,8192,669,239.2519,445,16.975
ASN16_Am241,8192,1982,727.3300,75,10.343
ASN16_Am241,8192,2949,1120.2940,53,7.085
ASN16_Am241,8192,3823,1460.8200,52,58.236
ASN16_Am241,8192,4156,1588.2000,15,8.512
ASN16_Am241,8192,4560,1764.4910,6,18.165
ASN16_Am241,8192,6679,2614.5110,5,5.503
ASN16_BrazilNuts,8192,135,47.8872,745,6.899
ASN16_BrazilNuts,8192,501,186.2110,832,6.239
ASN16_BrazilNuts,8192,640,242.1346,977,57.166
ASN16_BrazilNuts,8192,774,295.0377,588,17.447
ASN16_BrazilNuts,8192,909,351.7207,507,47.669
ASN16_BrazilNuts,8192,1319,507.3923,239,13.349
ASN16_BrazilNuts,8192,1543,608.2504,245,49.924
ASN16_BrazilNuts,8192,2793,1123.7353,72,18.586
ASN16_BrazilNuts,8192,3606,1459.5395,78,58.502
ASN16_BrazilNuts,8192,4305,1758.9760,26,16.064
ASN16_BrazilNuts,8192,6294,2614.5110,5,24.566
ASN16_Charoite_v2,8192,511,186.8335,10432,42.555
ASN16_Charoite_v2,8192,652,239.3357,6863,105.524
ASN16_Charoite_v2,8192,792,291.1072,4629,109.168
ASN16_Charoite_v2,8192,936,347.2328,4015,219.146
ASN16_Charoite_v2,8192,1348,509.8079,834,8.486
ASN16_Charoite_v2,8192,1588,598.7245,1342,189.534
ASN16_Charoite_v2,8192,2360,913.3733,340,12.120
ASN16_Charoite_v2,8192,2486,963.4324,292,6.919
ASN16_Charoite_v2,8192,2864,1122.0567,303,39.538
ASN16_Charoite_v2,8192,3696,1462.7260,241,100.143
ASN16_Charoite_v2,8192,4418,1759.2079,76,63.610
ASN16_Charoite_v2,8192,5485,2204.1083,22,6.460
ASN16_Charoite_v2,8192,6454,2614.5110,19,60.628
ASN16_Cs137,8192,529,186.2110,222438,916.946
ASN16_Cs137,8192,1718,661.6570,580382,7828.081
ASN16_Cs137,8192,2832,1120.2940,310,38.152
ASN16_Cs137,8192,3691,1460.8200,111,52.745
ASN16_Cs137,8192,4408,1764.4910,22,13.137
ASN16_Cs137,8192,6423,2614.5110,17,26.155
ASN16_Cs137_10cm,8192,538,186.2110,112,15.926
ASN16_Cs137_10cm,8192,1716,661.6570,62,80.275
ASN16_Cs137_10cm,8192,3675,1460.8200,1,6.629
ASN16_Lu176,8192,255,88.3400,3730,127.654
ASN16_Lu176,8192,554,201.8121,22509,995.531
ASN16_Lu176,8192,825,306.6556,14681,981.499
ASN16_Lu176,8192,1373,510.9612,971,263.428
ASN16_Lu176,8192,3703,1460.8200,6,16.381
ASN16_Lu176_P0,8192,252,88.3400,54,6.259
ASN16_Lu176_P0,8192,549,201.8121,201,81.757
ASN16_Lu176_P0,8192,817,306.6556,111,94.860
ASN16_Lu176_P0,8192,1357,510.9612,4,12.225
ASN16_Th232_Am241,8192,173,59.5488,139797,1278.171
ASN16_Th232_Am241,8192,670,238.7413,70996,1236.443
ASN16_Th232_Am241,8192,821,291.0894,9747,104.956
ASN16_Th232_Am241,8192,938,337.7977,12892,480.957
ASN16_Th232_Am241,8192,1255,462.2400,3595,60.547
ASN16_Th232_Am241,8192,1388,510.7364,3929,136.325
ASN16_Th232_Am241,8192,1580,584.2982,6814,459.884
ASN16_Th232_Am241,8192,1949,733.0083,2065,88.264
ASN16_Th232_Am241,8192,2423,911.1443,2394,160.311
ASN16_Th232_Am241,8192,2586,967.4683,1776,81.998
ASN16_Th232_Am241,8192,2943,1103.8172,602,56.244
ASN16_Th232_Am241,8192,4580,1768.8629,261,27.418
ASN16_Th232_Am241,8192,6693,2614.5110,298,221.406
ASN3_Tile,2500,159,186.2110,17733,16.739
ASN3_Tile,2500,204,239.2519,12411,62.161
ASN3_Tile,2500,249,295.8431,7069,44.948
ASN3_Tile,2500,294,348.6072,5488,117.728
ASN3_Tile,2500,502,609.3210,1806,76.362
ASN3_Tile,2500,743,913.1540,505,7.214
ASN3_Tile,2500,796,967.7116,436,6.149
ASN3_Tile,2500,906,1120.1113,392,13.827
ASN3_Tile,2500,1165,1462.6957,343,67.172
ASN3_Tile,2500,1270,1594.7587,92,6.816
ASN8_Am241,8192,171,59.4644,108617,1820.009
ASN8_Am241,8192,1624,598.8146,24,6.551
ASN8_Am241,8192,3800,1460.8200,10,22.888
ASN8_Th232_1024,1024,83,238.8582,154296,654.612
ASN8_Th232_1024,1024,117,337.7977,38743,208.682
ASN8_Th232_1024,1024,157,462.2400,12509,13.773
ASN8_Th232_1024,1024,174,510.7364,13149,39.668
ASN8_Th232_1024,1024,199,584.4152,19637,272.215
ASN8_Th232_1024,1024,246,733.0083,6584,32.951
ASN8_Th232_1024,1024,305,911.1443,6929,71.195
ASN8_Th232_1024,1024,325,967.4683,4819,32.849
ASN8_Th232_1024,1024,371,1103.8172,1871,21.166
ASN8_Th232_1024,1024,578,1768.8629,847,9.960
ASN8_Th232_1024,1024,839,2614.5110,733,108.217
ASN8_Th232_2048,2048,167,238.3713,77237,661.046
ASN8_Th232_2048,2048,236,337.7977,19474,206.563
ASN8_Th232_2048,2048,348,511.1524,6514,37.298
ASN8_Th232_2048,2048,398,584.2982,9829,262.725
ASN8_Th232_2048,2048,491,739.3053,3340,33.834
ASN8_Th232_2048,2048,609,912.5915,3395,73.476
ASN8_Th232_2048,2048,651,967.4683,2397,31.741
ASN8_Th232_2048,2048,743,1103.8172,966,30.227
ASN8_Th232_2048,2048,1156,1768.8629,396,9.565
ASN8_Th232_2048,2048,1678,2614.5110,387,116.189
ASN8_Th232_3000,3000,244,238.3713,123895,1023.162
ASN8_Th232_3000,3000,345,337.7977,30640,306.089
ASN8_Th232_3000,3000,511,511.1524,10408,64.881
ASN8_Th232_3000,3000,583,584.2982,15348,402.501
ASN8_Th232_3000,3000,717,739.3053,5131,55.413
ASN8_Th232_3000,3000,892,912.5915,5264,124.623
ASN8_Th232_3000,3000,952,967.4683,3903,46.015
ASN8_Th232_3000,3000,1089,1103.8172,1354,47.316
ASN8_Th232_3000,3000,1688,1768.8629,574,15.397
ASN8_Th232_3000,3000,2456,2614.5110,596,194.733
ASN8_Th232_4096,4096,334,238.3713,90979,1027.243
ASN8_Th232_4096,4096,472,337.7977,22864,311.028
ASN8_Th232_4096,4096,698,511.1524,7765,58.082
ASN8_Th232_4096,4096,797,584.2982,11569,402.203
ASN8_Th232_4096,4096,982,739.3053,4007,52.238
ASN8_Th232_4096,4096,1221,912.5915,3990,117.489
ASN8_Th232_4096,4096,1303,967.4683,2917,44.738
ASN8_Th232_4096,4096,1490,1103.8172,1069,54.791
ASN8_Th232_4096,4096,2311,1768.8629,469,15.623
ASN8_Th232_4096,4096,3359,2614.5110,422,178.827
ASN8_Th232_8192,8192,668,238.3713,45586,1028.767
ASN8_Th232_8192,8192,943,337.7977,11401,309.724
ASN8_Th232_8192,8192,1394,511.1524,3870,59.082
ASN8_Th232_8192,8192,1591,584.2982,5600,398.359
ASN8_Th232_8192,8192,1962,739.3053,2018,52.338
ASN8_Th232_8192,8192,2438,904.4670,2032,112.039
ASN8_Th232_8192,8192,2602,967.4683,1451,45.227
ASN8_Th232_8192,8192,2970,1103.8172,598,44.958
ASN8_Th232_8192,8192,4617,1768.8629,232,16.293
ASN8_Th232_8192,8192,6709,2614.5110,221,179.327
ASN8_UGlass,8192,182,50.3341,104374,659.177
ASN8_UGlass,8192,521,186.0160,18922,451.047
ASN8_UGlass,8192,3807,1460.8481,96,75.312
ASN8_UGlass,8192,4553,1765.2344,8,5.941
ASN8_UGlass,8192,6662,2614.5110,4,11.923
G1S16_Am241_P25,1024,23,59.5409,19524,246.163
G1S16_Am241_P25,1024,321,913.6510,5,5.779
G1S16_Am241_P25,1024,495,1460.8200,14,7.163
G1S16_Am241_P5,1024,23,59.5409,136976,752.282
G1S16_Ba133_P25,1024,31,80.8949,15304,189.069
G1S16_Ba133_P25,1024,108,295.4440,2777,51.023
G1S16_Ba133_P25,1024,126,359.1712,6312,274.292
G1S16_Ba133_P5,1024,31,80.8949,191220,793.997
G1S16_Ba133_P5,1024,109,295.4440,27557,352.624
G1S16_Ba133_P5,1024,126,359.1712,71094,839.353
G1S16_Ba133_P5,1024,310,913.6510,8,13.823
G1S16_Cd109_P25,1024,34,88.0336,1603,32.486
G1S16_Cd109_P25,1024,210,598.8146,85,15.199
G1S16_Cd109_P25,1024,494,1460.8200,28,24.888
G1S16_Cd109_P5,1024,34,88.0336,12202,193.625
G1S16_Cd109_P5,1024,492,1460.8200,11,8.036
G1S16_Ce139_P25,1024,61,165.9038,2147,69.884
G1S16_Ce139_P25,1024,492,1460.8200,43,15.626
G1S16_Ce139_P25,1024,597,1764.4910,9,5.008
G1S16_Ce139_P5,1024,61,165.9038,21814,342.150
G1S16_Ce139_P5,1024,179,510.9612,44,16.413
G1S16_Ce139_P5,1024,493,1460.8200,8,9.667
G1S16_Co57_P5,1024,46,123.6594,1304,64.985
G1S16_Co60_P25,1024,126,348.6671,1389,5.478
G1S16_Co60_P25,1024,312,913.6510,818,14.699
G1S16_Co60_P25,1024,399,1172.8360,2532,202.769
G1S16_Co60_P25,1024,452,1332.5819,2023,204.473
G1S16_Co60_P5,1024,178,510.9612,4436,9.589
G1S16_Co60_P5,1024,315,913.6510,5634,49.051
G1S16_Co60_P5,1024,400,1172.8360,18090,544.131
G1S16_Co60_P5,1024,452,1332.5819,14865,561.743
G1S16_Co60_P5,1024,535,1588.2000,152,8.725
G1S16_Cs137_Mar,1024,71,186.2110,1317,27.192
G1S16_Cs137_Mar,1024,229,661.6570,3323,214.250
G1S16_Cs137_Mar,1024,492,1460.8200,26,13.408
G1S16_Cs137_Mar_2,1024,229,661.6570,8552,330.736
G1S16_Cs137_P25,1024,70,186.2110,2896,10.395
G1S16_Cs137_P25,1024,229,661.6570,9844,365.546
G1S16_Cs137_P25,1024,494,1460.8200,39,23.766
G1S16_Cs137_P25,1024,593,1764.4910,11,6.144
G1S16_Cs137_P5,1024,72,186.2110,48539,357.057
G1S16_Cs137_P5,1024,230,661.6570,112710,1279.406
G1S16_Cs137_P5,1024,494,1460.8200,10,5.040
G1S16_Eu152_P25,1024,46,121.7817,25592,256.659
G1S16_Eu152_P25,1024,88,243.6904,5463,97.214
G1S16_Eu152_P25,1024,122,345.3022,8045,240.603
G1S16_Eu152_P25,1024,269,778.9666,1397,78.855
G1S16_Eu152_P25,1024,296,876.9542,609,16.971
G1S16_Eu152_P25,1024,330,965.6812,1008,86.292
G1S16_Eu152_P25,1024,375,1100.7317,1178,147.112
G1S16_Eu152_P25,1024,477,1414.3437,646,110.938
G1S16_Eu152_P25,1024,591,1764.4910,12,7.787
G1S16_Eu152_P25,1024,876,2614.5110,3,6.819
G1S16_Eu152_P5,1024,46,121.7817,162584,737.390
G1S16_Eu152_P5,1024,88,243.6904,27771,254.126
G1S16_Eu152_P5,1024,122,345.3022,42412,586.677
G1S16_Eu152_P5,1024,269,778.9666,7243,194.632
G1S16_Eu152_P5,1024,298,876.9542,3095,40.261
G1S16_Eu152_P5,1024,330,965.6812,5141,188.071
G1S16_Eu152_P5,1024,375,1100.7317,6139,291.125
G1S16_Eu152_P5,1024,478,1414.3437,3349,240.440
G1S16_K40_Mar,1024,85,239.1001,318,12.186
G1S16_K40_Mar,1024,332,930.0898,98,9.777
G1S16_K40_Mar,1024,494,1459.6246,320,81.825
G1S16_K40_Mar_2,1024,85,239.1001,587,16.060
G1S16_K40_Mar_2,1024,400,1238.1220,134,13.694
G1S16_K40_Mar_2,1024,493,1459.6246,525,110.319
G1S16_Mix_Denta100,1024,30,73.1888,15075,62.838
G1S16_Mix_Denta100,1024,45,121.7817,4882,87.238
G1S16_Mix_Denta100,1024,88,243.6904,1656,17.434
G1S16_Mix_Denta100,1024,122,345.3022,1779,62.053
G1S16_Mix_Denta100,1024,179,510.9612,3869,200.558
G1S16_Mix_Denta100,1024,229,661.9260,1233,103.448
G1S16_Mix_Denta100,1024,269,778.9666,324,33.673
G1S16_Mix_Denta100,1024,329,965.6812,222,17.238
G1S16_Mix_Denta100,1024,393,1151.4062,599,74.602
G1S16_Mix_Denta100,1024,477,1414.3437,143,37.776
G1S16_Mix_Mar,1024,30,73.1888,95809,121.069
G1S16_Mix_Mar,1024,45,121.7817,37252,184.430
G1S16_Mix_Mar,1024,87,243.6904,15388,41.921
G1S16_Mix_Mar,1024,122,345.3022,12828,141.977
G1S16_Mix_Mar,1024,178,510.9612,27320,536.723
G1S16_Mix_Mar,1024,229,661.9260,8833,262.285
G1S16_Mix_Mar,1024,267,778.9666,2589,54.442
G1S16_Mix_Mar,1024,298,876.9542,1521,8.807
G1S16_Mix_Mar,1024,329,965.6812,1532,50.041
G1S16_Mix_Mar,1024,392,1151.4062,4294,201.979
G1S16_Mix_Mar,1024,476,1414.3437,848,90.594
G1S16_Mix_Petri,1024,30,73.1888,10726,54.463
G1S16_Mix_Petri,1024,45,121.7817,3549,73.275
G1S16_Mix_Petri,1024,88,243.2443,1239,17.114
G1S16_Mix_Petri,1024,122,345.3022,1281,55.080
G1S16_Mix_Petri,1024,179,510.9612,2937,169.569
G1S16_Mix_Petri,1024,229,661.9260,975,82.694
G1S16_Mix_Petri,1024,268,778.9666,262,35.112
G1S16_Mix_Petri,1024,296,876.9542,172,6.251
G1S16_Mix_Petri,1024,328,965.6812,190,13.789
G1S16_Mix_Petri,1024,393,1151.4062,432,50.813
G1S16_Mix_Petri,1024,477,1414.3437,97,31.426
G1S16_Mn54_P25,1024,106,292.4343,934,5.940
G1S16_Mn54_P25,1024,287,834.8211,3205,222.948
G1S16_Mn54_P25,1024,492,1460.8200,58,13.386
G1S16_Mn54_P25,1024,596,1764.4910,3,6.160
G1S16_Mn54_P5,1024,77,186.2110,5999,129.235
G1S16_Mn54_P5,1024,127,348.6671,1686,5.262
G1S16_Mn54_P5,1024,208,598.8146,1673,54.624
G1S16_Mn54_P5,1024,287,834.8211,11832,449.282
G1S16_Mn54_P5,1024,485,1460.8200,5,9.818
G1S16_Na22_P25,1024,179,510.9612,33531,635.685
G1S16_Na22_P25,1024,433,1274.4311,3938,286.209
G1S16_Na22_P25,1024,495,1460.8200,42,13.011
G1S16_Na22_P5,1024,66,186.2110,39924,168.840
G1S16_Na22_P5,1024,179,510.9612,133371,1313.504
G1S16_Na22_P5,1024,433,1274.4311,13043,499.997
G1S16_Na22_P5,1024,500,1460.8200,356,20.819
G1S16_Na22_P5,1024,613,1764.4910,509,121.121
G1S16_Ra226_Mar,1024,68,186.2110,5177,32.470
G1S16_Ra226_Mar,1024,87,242.1346,4615,61.424
G1S16_Ra226_Mar,1024,105,295.0377,5591,122.912
G1S16_Ra226_Mar,1024,124,351.7207,6673,206.100
G1S16_Ra226_Mar,1024,212,608.2504,3208,185.164
G1S16_Ra226_Mar,1024,266,775.9746,565,31.991
G1S16_Ra226_Mar,1024,321,935.1162,358,20.480
G1S16_Ra226_Mar,1024,381,1123.7434,597,66.863
G1S16_Ra226_Mar,1024,423,1246.5688,264,32.997
G1S16_Ra226_Mar,1024,470,1390.6382,274,31.475
G1S16_Ra226_Mar,1024,593,1758.9760,311,50.829
G1S16_Ra226_Mar,1024,742,2204.1083,53,43.104
G1S16_Ra226_Mar_2,1024,67,186.2110,15207,45.871
G1S16_Ra226_Mar_2,1024,87,242.1346,12755,72.299
G1S16_Ra226_Mar_2,1024,105,295.0377,13844,163.413
G1S16_Ra226_Mar_2,1024,124,351.7212,16119,293.645
G1S16_Ra226_Mar_2,1024,211,608.2504,7855,282.671
G1S16_Ra226_Mar_2,1024,265,775.9746,1389,47.983
G1S16_Ra226_Mar_2,1024,318,935.1162,841,25.658
G1S16_Ra226_Mar_2,1024,381,1123.7353,1402,91.625
G1S16_Ra226_Mar_2,1024,422,1246.5688,735,40.762
G1S16_Ra226_Mar_2,1024,470,1390.6382,669,40.153
G1S16_Ra226_Mar_2,1024,592,1758.9760,685,87.672
G1S16_Ra226_Mar_2,1024,740,2204.1083,144,44.103
G1S16_Th228_P25,1024,86,238.7413,2323,85.714
G1S16_Th228_P25,1024,123,347.6245,473,9.492
G1S16_Th228_P25,1024,179,510.8154,271,14.975
G1S16_Th228_P25,1024,204,584.8740,426,52.226
G1S16_Th228_P25,1024,598,1768.8629,21,7.456
G1S16_Th228_P25,1024,755,2204.1000,18,6.870
G1S16_Th228_P25,1024,879,2614.5110,27,25.973
G1S16_Th228_P5,1024,86,238.7413,10177,248.656
G1S16_Th228_P5,1024,179,510.8154,705,56.294
G1S16_Th228_P5,1024,203,584.8740,1448,132.493
G1S16_Th228_P5,1024,252,731.7047,326,44.494
G1S16_Th228_P5,1024,297,863.1066,197,31.928
G1S16_Th228_P5,1024,879,2614.5110,153,69.216
G1S16_Th232_Denta100,1024,86,238.3713,1872,82.658
G1S16_Th232_Denta100,1024,120,337.7977,463,30.060
G1S16_Th232_Denta100,1024,179,510.7364,204,11.161
G1S16_Th232_Denta100,1024,203,584.2982,351,34.191
G1S16_Th232_Denta100,1024,310,911.6266,169,28.197
G1S16_Th232_Denta100,1024,333,967.4683,110,6.298
G1S16_Th232_Denta100,1024,495,1472.3221,35,5.388
G1S16_Th232_Denta100,1024,875,2614.5110,31,19.146
G1S16_Th232_Mar,1024,85,238.3713,13466,205.751
G1S16_Th232_Mar,1024,119,337.7977,3204,73.329
G1S16_Th232_Mar,1024,161,462.2400,1214,9.299
G1S16_Th232_Mar,1024,179,510.7364,1376,30.389
G1S16_Th232_Mar,1024,202,584.2982,2266,121.318
G1S16_Th232_Mar,1024,249,733.9501,690,19.771
G1S16_Th232_Mar,1024,311,911.6266,1073,43.522
G1S16_Th232_Mar,1024,333,967.4683,709,23.108
G1S16_Th232_Mar,1024,877,2614.5110,222,62.528
G1S16_Th232_Mar_2,1024,86,238.8582,17587,262.501
G1S16_Th232_Mar_2,1024,119,337.7977,4152,101.741
G1S16_Th232_Mar_2,1024,160,462.2400,1431,19.455
G1S16_Th232_Mar_2,1024,179,510.7364,1699,32.414
G1S16_Th232_Mar_2,1024,203,584.2982,2986,125.656
G1S16_Th232_Mar_2,1024,251,733.0083,867,20.530
G1S16_Th232_Mar_2,1024,312,911.1443,1371,44.771
G1S16_Th232_Mar_2,1024,333,967.4683,937,29.907
G1S16_Th232_Mar_2,1024,374,1103.8172,206,7.498
G1S16_Th232_Mar_3,1024,85,238.3713,40800,339.036
G1S16_Th232_Mar_3,1024,119,337.7977,10302,119.330
G1S16_Th232_Mar_3,1024,162,462.2400,3886,20.437
G1S16_Th232_Mar_3,1024,178,510.7364,4258,57.539
G1S16_Th232_Mar_3,1024,203,584.2982,7175,193.633
G1S16_Th232_Mar_3,1024,251,733.9501,2180,30.734
G1S16_Th232_Mar_3,1024,312,911.6266,3372,67.461
G1S16_Th232_Mar_3,1024,333,967.4683,2294,36.111
G1S16_Th232_Mar_3,1024,496,1472.3221,308,5.826
G1S16_Th232_Mar_3,1024,877,2614.5110,649,136.613
G1S16_Th232_Petri,1024,86,238.3713,1364,78.393
G1S16_Th232_Petri,1024,120,337.7977,369,25.303
G1S16_Th232_Petri,1024,177,510.7364,158,26.692
G1S16_Th232_Petri,1024,203,584.2982,290,30.452
G1S16_Th232_Petri,1024,312,911.6266,100,13.649
G1S16_Th232_Petri,1024,332,967.4683,95,6.233
G1S16_Th232_Petri,1024,879,2614.5110,19,15.324
G1S16_Y88_P25,1024,124,348.6671,380,15.058
G1S16_Y88_P25,1024,212,598.8146,174,15.240
G1S16_Y88_P25,1024,308,898.1902,193,39.928
G1S16_Y88_P25,1024,380,1120.2940,58,5.547
G1S16_Y88_P25,1024,494,1460.8200,73,23.068
G1S16_Y88_P25,1024,619,1836.0630,53,25.278
G1S16_Y88_P25,1024,878,2614.5110,2,5.829
G1S16_Y88_P5,1024,178,510.9612,131,11.415
G1S16_Y88_P5,1024,308,898.1902,481,86.879
G1S16_Y88_P5,1024,490,1460.8200,39,6.571
G1S16_Y88_P5,1024,619,1836.0630,162,62.006
G1S24_Am241_P5,1024,24,59.4644,621300,1760.686
G1S24_Am241_P5,1024,494,1460.8200,15,15.690
G1S24_Ba133_P5,1024,32,80.8949,319446,1076.213
G1S24_Ba133_P5,1024,108,295.4440,52336,382.627
G1S24_Ba133_P5,1024,127,359.1712,129861,1034.969
G1S24_Ba133_P5,1024,493,1460.8200,41,21.233
G1S24_Bi207_P5,1024,69,198.1145,75851,309.850
G1S24_Bi207_P5,1024,199,570.7874,153208,1389.744
G1S24_Bi207_P5,1024,364,1064.2168,41325,877.472
G1S24_Bi207_P5,1024,497,1460.5336,661,24.133
G1S24_Bi207_P5,1024,599,1769.6535,1697,159.466
G1S24_Cd109_P5,1024,34,88.0336,4287,135.367
G1S24_Cd109_P5,1024,175,510.9612,30,6.630
G1S24_Co60_P5,1024,84,239.2519,36826,366.443
G1S24_Co60_P5,1024,179,510.9612,8110,8.596
G1S24_Co60_P5,1024,317,914.0820,9801,64.040
G1S24_Co60_P5,1024,400,1172.8360,30242,698.244
G1S24_Co60_P5,1024,453,1332.5819,23615,728.237
G1S24_Co60_P5,1024,538,1588.2000,206,10.170
G1S24_Co60_P5,1024,754,2204.1000,94,10.564
G1S24_Cs137_Denta120,1024,230,661.6570,530,88.771
G1S24_Cs137_Denta120,1024,490,1460.8200,26,14.019
G1S24_Cs137_Denta120_2,1024,71,198.1145,1580,17.953
G1S24_Cs137_Denta120_2,1024,230,661.6570,2759,200.528
G1S24_Cs137_Denta120_2,1024,489,1460.8200,46,30.954
G1S24_Cs137_Denta120_2,1024,875,2614.5110,10,7.512
G1S24_Cs137_Mar,1024,71,186.2110,2449,40.067
G1S24_Cs137_Mar,1024,228,661.6570,4865,269.779
G1S24_Cs137_Mar,1024,489,1460.8200,39,18.761
G1S24_Cs137_Mar_2,1024,71,198.1145,11288,73.882
G1S24_Cs137_Mar_2,1024,229,660.2961,18990,546.747
G1S24_Cs137_Mar_2,1024,488,1460.8200,59,38.336
G1S24_Cs137_Mar_2,1024,876,2614.5110,9,12.590
G1S24_Cs137_P25,1024,71,198.1145,6738,66.638
G1S24_Cs137_P25,1024,230,661.6570,18453,554.882
G1S24_Cs137_P25,1024,494,1460.8200,81,31.050
G1S24_Cs137_P25,1024,589,1764.4910,11,12.259
G1S24_Cs137_P25,1024,877,2614.5110,10,10.532
G1S24_Cs137_P5,1024,73,198.1145,52810,413.875
G1S24_Cs137_P5,1024,231,661.6570,114978,1317.748
G1S24_Cs137_P5,1024,502,1460.8200,8,9.280
G1S24_Cs137_Petri,1024,230,661.6570,731,90.465
G1S24_Cs137_Petri,1024,492,1460.8200,55,16.460
G1S24_Cs137_Petri,1024,864,2614.5110,8,11.591
G1S24_Cs137_Petri_2,1024,69,198.1145,1269,32.964
G1S24_Cs137_Petri_2,1024,230,661.6570,2315,186.071
G1S24_Cs137_Petri_2,1024,490,1460.8200,67,33.594
G1S24_Cs137_Petri_2,1024,876,2614.5110,2,8.000
G1S24_Eu152_P5,1024,46,121.7817,1284263,2174.377
G1S24_Eu152_P5,1024,89,243.6904,232646,724.130
G1S24_Eu152_P5,1024,123,345.3022,351015,1669.648
G1S24_Eu152_P5,1024,270,778.9666,59939,545.332
G1S24_Eu152_P5,1024,299,876.9542,25911,75.757
G1S24_Eu152_P5,1024,332,961.7003,42086,515.587
G1S24_Eu152_P5,1024,378,1100.7317,50177,852.428
G1S24_Eu152_P5,1024,480,1414.3437,26159,694.986
G1S24_K40_Denta120,1024,85,239.2519,2770,16.734
G1S24_K40_Denta120,1024,122,348.6671,1743,7.129
G1S24_K40_Denta120,1024,337,963.5695,475,15.444
G1S24_K40_Denta120,1024,384,1120.2940,443,6.970
G1S24_K40_Denta120,1024,494,1460.8200,957,130.537
G1S24_K40_Denta120,1024,873,2614.5110,44,17.737
G1S24_K40_Denta120_2,1024,84,239.1001,3229,20.440
G1S24_K40_Denta120_2,1024,494,1460.8200,1330,160.652
G1S24_K40_Denta120_2,1024,588,1764.4910,86,12.185
G1S24_K40_Denta120_2,1024,873,2614.5110,29,21.172
G1S24_K40_Mar,1024,85,237.2690,827,13.205
G1S24_K40_Mar,1024,172,510.9612,250,13.903
G1S24_K40_Mar,1024,493,1460.8200,605,105.943
G1S24_K40_Mar,1024,751,2204.1000,8,10.289
G1S24_K40_Mar_2,1024,493,1460.8200,865,147.420
G1S24_K40_Mar_2,1024,875,2614.5110,8,7.143
G1S24_K40_Petri,1024,84,239.2519,2735,14.642
G1S24_K40_Petri,1024,123,348.6671,1582,11.634
G1S24_K40_Petri,1024,178,510.9612,988,22.275
G1S24_K40_Petri,1024,493,1460.8200,726,107.214
G1S24_K40_Petri,1024,874,2614.5110,43,15.699
G1S24_K40_Petri_2,1024,494,1459.6246,191,63.352
G1S24_K40_Petri_2,1024,875,2614.5110,12,6.912
G1S24_Na22_P25,1024,179,510.9612,98561,1081.423
G1S24_Na22_P25,1024,339,963.5695,2479,35.983
G1S24_Na22_P25,1024,433,1274.4311,11673,507.515
G1S24_Na22_P25,1024,496,1460.8200,97,31.785
G1S24_Na22_P25,1024,607,1764.4910,52,10.877
G1S24_Na22_P5,1024,67,198.1145,229038,528.292
G1S24_Na22_P5,1024,180,510.9612,656425,3062.875
G1S24_Na22_P5,1024,436,1274.4311,68501,1126.323
G1S24_Na22_P5,1024,503,1460.8200,1964,66.883
G1S24_Na22_P5,1024,617,1764.4910,2645,266.275
G1S24_Ra226_Denta120,1024,19,47.8872,1598,13.283
G1S24_Ra226_Denta120,1024,68,187.3798,1443,26.318
G1S24_Ra226_Denta120,1024,87,242.1346,1333,30.764
G1S24_Ra226_Denta120,1024,106,295.0377,1696,61.260
G1S24_Ra226_Denta120,1024,125,351.7212,2013,105.967
G1S24_Ra226_Denta120,1024,212,608.2504,977,87.777
G1S24_Ra226_Denta120,1024,267,775.9746,182,5.849
G1S24_Ra226_Denta120,1024,322,935.1162,121,6.052
G1S24_Ra226_Denta120,1024,383,1123.7353,183,25.038
G1S24_Ra226_Denta120,1024,425,1246.5688,97,5.600
G1S24_Ra226_Denta120,1024,472,1390.5999,123,9.263
G1S24_Ra226_Denta120,1024,593,1758.9760,77,31.766
G1S24_Ra226_Denta120,1024,746,2204.1083,16,5.764
G1S24_Ra226_Denta120,1024,873,2614.5110,5,5.095
G1S24_Ra226_Denta120_2,1024,68,186.2110,6383,38.025
G1S24_Ra226_Denta120_2,1024,87,242.1346,6643,83.985
G1S24_Ra226_Denta120_2,1024,106,295.0377,6077,105.888
G1S24_Ra226_Denta120_2,1024,125,351.7207,7372,194.413
G1S24_Ra226_Denta120_2,1024,212,608.2504,3565,167.402
G1S24_Ra226_Denta120_2,1024,267,775.9746,777,18.210
G1S24_Ra226_Denta120_2,1024,383,1123.7434,686,49.658
G1S24_Ra226_Denta120_2,1024,423,1246.5688,346,15.713
G1S24_Ra226_Denta120_2,1024,475,1390.6382,360,26.256
G1S24_Ra226_Denta120_2,1024,595,1758.9760,317,50.159
G1S24_Ra226_Denta120_2,1024,878,2614.5110,34,18.089
G1S24_Ra226_Mar,1024,18,47.8872,6954,29.319
G1S24_Ra226_Mar,1024,68,187.3798,6770,44.315
G1S24_Ra226_Mar,1024,86,242.1346,5905,62.506
G1S24_Ra226_Mar,1024,105,295.0377,6795,117.789
G1S24_Ra226_Mar,1024,124,351.7212,8362,222.741
G1S24_Ra226_Mar,1024,211,608.2504,4038,204.812
G1S24_Ra226_Mar,1024,265,775.9746,778,23.638
G1S24_Ra226_Mar,1024,381,1123.7353,696,63.052
G1S24_Ra226_Mar,1024,420,1246.5688,365,25.060
G1S24_Ra226_Mar,1024,470,1390.5999,382,36.406
G1S24_Ra226_Mar,1024,592,1758.9760,382,55.152
G1S24_Ra226_Mar,1024,741,2204.1083,62,16.476
G1S24_Ra226_Mar_2,1024,67,186.2110,23857,47.546
G1S24_Ra226_Mar_2,1024,86,242.1346,21740,104.017
G1S24_Ra226_Mar_2,1024,105,295.0377,20779,163.445
G1S24_Ra226_Mar_2,1024,124,351.7207,23759,324.372
G1S24_Ra226_Mar_2,1024,211,608.2504,11347,328.345
G1S24_Ra226_Mar_2,1024,266,775.9746,2118,45.941
G1S24_Ra226_Mar_2,1024,316,935.1162,1456,52.186
G1S24_Ra226_Mar_2,1024,381,1123.7353,2052,110.088
G1S24_Ra226_Mar_2,1024,422,1246.5688,1105,33.047
G1S24_Ra226_Mar_2,1024,470,1390.6382,934,47.885
G1S24_Ra226_Mar_2,1024,592,1758.9760,992,104.897
G1S24_Ra226_Mar_2,1024,739,2204.1083,183,50.162
G1S24_Ra226_Mar_2,1024,877,2614.5110,55,26.451
G1S24_Ra226_Petri,1024,68,187.3798,1326,28.237
G1S24_Ra226_Petri,1024,87,242.1346,1332,29.569
G1S24_Ra226_Petri,1024,106,295.0377,1512,53.179
G1S24_Ra226_Petri,1024,125,351.7212,1808,94.190
G1S24_Ra226_Petri,1024,177,507.3923,290,5.037
G1S24_Ra226_Petri,1024,212,608.2504,824,87.396
G1S24_Ra226_Petri,1024,267,775.9746,186,10.117
G1S24_Ra226_Petri,1024,382,1123.7353,163,25.993
G1S24_Ra226_Petri,1024,423,1246.5688,99,8.097
G1S24_Ra226_Petri,1024,736,2204.1083,28,9.475
G1S24_Ra226_Petri_2,1024,18,47.8872,3451,18.088
G1S24_Ra226_Petri_2,1024,68,187.3798,4759,34.699
G1S24_Ra226_Petri_2,1024,87,242.1346,5468,79.578
G1S24_Ra226_Petri_2,1024,106,295.0377,5289,102.883
G1S24_Ra226_Petri_2,1024,125,351.7212,6268,182.292
G1S24_Ra226_Petri_2,1024,212,608.2504,2939,159.463
G1S24_Ra226_Petri_2,1024,267,775.9746,637,18.906
G1S24_Ra226_Petri_2,1024,319,935.1162,461,14.152
G1S24_Ra226_Petri_2,1024,383,1123.7353,560,44.261
G1S24_Ra226_Petri_2,1024,425,1246.5688,277,13.919
G1S24_Ra226_Petri_2,1024,475,1390.5999,275,34.514
G1S24_Ra226_Petri_2,1024,595,1758.9760,289,61.962
G1S24_Ra226_Petri_2,1024,744,2204.1083,44,24.658
G1S24_Ra226_Petri_2,1024,879,2614.5110,32,21.082
G1S24_Th228_P25,1024,64,180.8466,10471,26.426
G1S24_Th228_P25,1024,86,238.7413,38848,447.541
G1S24_Th228_P25,1024,107,291.7437,5482,44.008
G1S24_Th228_P25,1024,178,510.8154,3227,81.127
G1S24_Th228_P25,1024,203,584.8740,6934,254.231
G1S24_Th228_P25,1024,252,731.7047,1381,75.154
G1S24_Th228_P25,1024,296,863.1066,771,54.210
G1S24_Th228_P25,1024,494,1465.3930,298,24.774
G1S24_Th228_P25,1024,877,2614.5110,657,139.633
G1S24_Th228_P5,1024,87,238.7413,946891,2458.695
G1S24_Th228_P5,1024,107,291.2293,91402,298.681
G1S24_Th228_P5,1024,180,511.2488,63658,439.216
G1S24_Th228_P5,1024,205,584.8740,140601,1219.120
G1S24_Th228_P5,1024,254,731.7047,26812,418.195
G1S24_Th228_P5,1024,299,873.1781,15075,288.556
G1S24_Th228_P5,1024,375,1102.3382,4501,73.522
G1S24_Th228_P5,1024,721,2204.1000,7869,157.297
G1S24_Th228_P5,1024,886,2614.5110,13474,731.008
G1S24_Th232_Denta120,1024,86,238.3713,1955,84.350
G1S24_Th232_Denta120,1024,120,337.7977,560,23.678
G1S24_Th232_Denta120,1024,179,511.1524,205,5.914
G1S24_Th232_Denta120,1024,204,584.2982,338,36.371
G1S24_Th232_Denta120,1024,249,739.3053,119,18.954
G1S24_Th232_Denta120,1024,312,912.5915,168,10.795
G1S24_Th232_Denta120,1024,880,2614.5110,30,20.206
G1S24_Th232_Denta120_2,1024,86,238.3713,11435,194.182
G1S24_Th232_Denta120_2,1024,120,337.7977,2878,66.413
G1S24_Th232_Denta120_2,1024,162,462.2400,1107,9.445
G1S24_Th232_Denta120_2,1024,179,511.1524,1198,19.195
G1S24_Th232_Denta120_2,1024,204,584.2982,1970,93.887
G1S24_Th232_Denta120_2,1024,251,739.3053,638,21.262
G1S24_Th232_Denta120_2,1024,313,912.5915,887,32.519
G1S24_Th232_Denta120_2,1024,333,967.4683,661,12.217
G1S24_Th232_Denta120_2,1024,375,1103.8172,180,5.859
G1S24_Th232_Denta120_2,1024,493,1472.3221,107,6.217
G1S24_Th232_Denta120_2,1024,878,2614.5110,174,56.947
G1S24_Th232_Mar,1024,85,238.3713,8962,165.194
G1S24_Th232_Mar,1024,119,337.7977,2296,60.981
G1S24_Th232_Mar,1024,178,511.1524,931,12.576
G1S24_Th232_Mar,1024,202,584.2982,1513,93.390
G1S24_Th232_Mar,1024,250,739.3053,518,13.084
G1S24_Th232_Mar,1024,312,912.5915,742,36.682
G1S24_Th232_Mar,1024,332,967.4683,472,11.400
G1S24_Th232_Mar,1024,378,1103.8172,124,6.197
G1S24_Th232_Mar,1024,875,2614.5110,132,47.226
G1S24_Th232_Mar_2,1024,85,238.3713,114373,547.971
G1S24_Th232_Mar_2,1024,119,337.7977,29478,197.304
G1S24_Th232_Mar_2,1024,178,511.1524,12291,45.920
G1S24_Th232_Mar_2,1024,203,584.2982,19784,319.496
G1S24_Th232_Mar_2,1024,251,739.3053,6254,48.910
G1S24_Th232_Mar_2,1024,311,912.5915,9134,123.324
G1S24_Th232_Mar_2,1024,332,967.4683,6354,42.444
G1S24_Th232_Mar_2,1024,374,1103.8172,1324,19.190
G1S24_Th232_Mar_2,1024,876,2614.5110,1667,218.784
G1S24_Th232_Petri,1024,86,238.7413,15349,209.070
G1S24_Th232_Petri,1024,120,337.7977,4392,74.228
G1S24_Th232_Petri,1024,179,510.7364,1944,23.407
G1S24_Th232_Petri,1024,204,584.2982,2808,99.369
G1S24_Th232_Petri,1024,252,733.0083,1107,13.816
G1S24_Th232_Petri,1024,313,911.1443,1351,36.843
G1S24_Th232_Petri,1024,334,967.4683,1038,14.253
G1S24_Th232_Petri,1024,379,1103.8172,429,7.966
G1S24_Th232_Petri,1024,492,1472.3221,435,38.056
G1S24_Th232_Petri,1024,592,1768.8629,141,7.481
G1S24_Th232_Petri,1024,879,2614.5110,199,69.007
G1S24_Th232_Petri_2,1024,86,238.3713,77924,528.040
G1S24_Th232_Petri_2,1024,120,337.7977,18930,184.349
G1S24_Th232_Petri_2,1024,163,462.2400,7066,16.352
G1S24_Th232_Petri_2,1024,180,511.1524,7844,50.567
G1S24_Th232_Petri_2,1024,204,584.2982,13192,257.059
G1S24_Th232_Petri_2,1024,252,739.3053,4323,48.132
G1S24_Th232_Petri_2,1024,313,912.5915,6289,94.775
G1S24_Th232_Petri_2,1024,335,967.4683,4296,41.402
G1S24_Th232_Petri_2,1024,492,1472.3221,868,30.464
G1S24_Th232_Petri_2,1024,880,2614.5110,1097,167.520
G1S24_Y88_P25,1024,83,237.2690,2790,15.167
G1S24_Y88_P25,1024,179,510.9612,1283,21.950
G1S24_Y88_P25,1024,308,898.1902,4071,248.197
G1S24_Y88_P25,1024,493,1460.8200,427,9.256
G1S24_Y88_P25,1024,531,1588.2000,330,17.291
G1S24_Y88_P25,1024,619,1835.5159,1329,192.742
G1S24_Y88_P5,1024,79,198.1145,24854,157.062
G1S24_Y88_P5,1024,180,510.9612,8452,57.884
G1S24_Y88_P5,1024,310,898.1902,33491,723.948
G1S24_Y88_P5,1024,533,1588.2000,2785,76.291
G1S24_Y88_P5,1024,623,1835.5159,10438,555.854
G1S24_Zn65_P5,1024,82,239.2519,317,24.385
G1S24_Zn65_P5,1024,180,510.9612,162,19.496
G1S24_Zn65_P5,1024,381,1115.6088,346,81.578
GS4000_Lu176,4000,106,88.3400,3301,97.129
GS4000_Lu176,4000,231,201.8121,9933,401.530
GS4000_Lu176,4000,343,306.6556,4964,392.437
GS4000_Lu176,4000,576,510.9612,337,65.027
GS4000_Ra226,4000,55,47.8872,9511,139.007
GS4000_Ra226,4000,207,186.2110,5245,115.351
GS4000_Ra226,4000,265,242.1346,3543,112.404
GS4000_Ra226,4000,321,295.2677,4135,201.532
GS4000_Ra226,4000,380,351.7207,4650,298.722
GS4000_Ra226,4000,645,608.2504,1676,198.779
GS4000_Ra226,4000,802,772.4388,395,45.511
GS4000_Ra226,4000,1161,1123.7434,305,91.949
GS4000_Ra226,4000,1287,1246.5688,158,11.952
GS4000_Ra226,4000,1437,1390.6382,143,9.944
GS4000_Ra226,4000,1807,1758.9760,89,41.786
GS4000_Th232,4000,261,238.8582,4340,230.018
GS4000_Th232,4000,363,337.7977,898,121.428
GS4000_Th232,4000,488,462.2400,290,7.534
GS4000_Th232,4000,544,510.7364,299,15.591
GS4000_Th232,4000,618,584.2982,428,88.911
GS4000_Th232,4000,759,733.0083,140,8.164
GS4000_Th232,4000,947,911.1443,163,25.964
GS4000_Th232,4000,1015,967.4683,118,13.366
GS4000_U,4000,38,26.3690,4277,79.146
GS4000_U,4000,71,62.7997,14044,209.442
GS4000_U,4000,197,185.7981,3106,109.835
GS4000_U,4000,601,583.1739,199,7.398
GS4000_U,4000,990,985.5112,92,15.211
GS4000_U,4000,1106,1118.8490,54,5.260
GS4000_U,4000,1433,1460.7337,38,25.273
HPGE_Uranium,16384,382,63.2900,98726,678.638
HPGE_Uranium,16384,508,84.2104,9408,71.093
HPGE_Uranium,16384,558,92.5885,143133,992.411
HPGE_Uranium,16384,868,143.8743,9208,186.629
HPGE_Uranium,16384,986,163.3485,4446,107.650
HPGE_Uranium,16384,1121,185.7150,37197,450.219
HPGE_Uranium,16384,1239,205.3402,3485,107.844
HPGE_Uranium,16384,2125,351.1740,327,6.887
HPGE_Uranium,16384,3085,510.9612,274,9.667
HPGE_Uranium,16384,4631,766.4795,1833,117.582
HPGE_Uranium,16384,5026,832.0100,130,5.736
HPGE_Uranium,16384,6050,1001.0300,3373,180.403
HPGE_Uranium,16384,7479,1238.1220,64,7.288
HPGE_Uranium,16384,8830,1460.8200,792,96.228
HPGE_Uranium,16384,10671,1764.5017,22,19.061
HPGeGEM_K40,8192,666,238.6320,64,5.395
HPGeGEM_K40,8192,4053,1460.8200,955,74.358
HPGeGEM_Ra226,8192,521,186.2110,2276,53.194
HPGeGEM_Ra226,8192,676,241.9950,3125,80.629
HPGeGEM_Ra226,8192,823,295.2247,6045,127.337
HPGeGEM_Ra226,8192,980,351.9320,8851,167.843
HPGeGEM_Ra226,8192,1694,609.3210,5839,144.465
HPGeGEM_Ra226,8192,2135,768.3600,476,41.379
HPGeGEM_Ra226,8192,2594,934.0560,256,28.580
HPGeGEM_Ra226,8192,3110,1120.2940,903,61.703
HPGeGEM_Ra226,8192,3437,1238.1220,308,35.749
HPGeGEM_Ra226,8192,3824,1377.6690,198,27.035
HPGeGEM_Ra226,8192,4896,1764.4910,555,54.544
HPGeGEM_Ra226,8192,6115,2204.1000,124,26.209
HPGeGEM_Th232,8192,584,209.2530,2358,54.444
HPGeGEM_Th232,8192,665,238.6320,19198,221.237
HPGeGEM_Th232,8192,672,240.9860,2096,48.457
HPGeGEM_Th232,8192,753,270.2450,1455,48.311
HPGeGEM_Th232,8192,836,300.0870,1332,48.526
HPGeGEM_Th232,8192,941,338.3200,3242,94.141
HPGeGEM_Th232,8192,1287,463.0040,931,45.807
HPGeGEM_Th232,8192,1419,510.8154,1504,60.263
HPGeGEM_Th232,8192,1620,583.1870,4406,125.354
HPGeGEM_Th232,8192,2019,727.2903,913,52.006
HPGeGEM_Th232,8192,2206,794.9470,466,37.116
HPGeGEM_Th232,8192,2388,860.5570,440,41.056
HPGeGEM_Th232,8192,2528,911.2040,2390,100.232
HPGeGEM_Th232,8192,2677,964.7660,443,39.374
HPGeGEM_Th232,8192,2688,968.9710,1284,74.883
HPGeGEM_Th232,8192,4404,1588.2000,144,30.097
HPGeGEM_Th232,8192,7245,2614.5110,646,73.516
HPGeGMX_Background,8192,1193,238.6320,67,9.384
HPGeGMX_Background,8192,1475,295.2247,23,7.309
HPGeGMX_Background,8192,1692,338.3200,18,5.488
HPGeGMX_Background,8192,1759,351.9320,56,10.565
HPGeGMX_Background,8192,2553,510.8094,17,5.706
HPGeGMX_Background,8192,2915,583.1870,38,8.950
HPGeGMX_Background,8192,3045,609.3210,38,23.650
HPGeGMX_Background,8192,4556,911.2040,17,7.795
HPGeGMX_Background,8192,4845,968.9710,4,8.058
HPGeGMX_Background,8192,5601,1120.2940,15,7.496
HPGeGMX_Background,8192,7304,1460.7237,62,21.721
HPGeGMX_Eu152,8192,2372,778.9045,1454,74.764
HPGeGMX_Eu152,8192,2641,867.3800,443,32.419
HPGeGMX_Eu152,8192,2935,964.0690,1219,78.703
HPGeGMX_Eu152,8192,3305,1085.8370,742,59.159
HPGeGMX_Eu152,8192,3385,1112.0760,961,68.184
HPGeGMX_Eu152,8192,4285,1408.0130,1069,75.812
HPGeGMX_Eu152,8192,4446,1460.8200,67,15.520
HPGeGMX_Th228,8192,1556,510.8154,349,32.598
HPGeGMX_Th228,8192,1777,583.1870,1162,61.377
HPGeGMX_Th228,8192,2215,727.3300,190,32.162
HPGeGMX_Th228,8192,2620,860.5570,102,24.203
HPGeGMX_Th228,8192,4446,1460.8200,61,20.366
HPGeGMX_Th228,8192,7955,2614.5110,201,40.565
HPGeGMX_Th232,8192,637,209.2530,138,7.798
HPGeGMX_Th232,8192,1411,463.0040,61,11.011
HPGeGMX_Th232,8192,1556,510.8154,110,18.573
HPGeGMX_Th232,8192,1777,583.1870,283,32.300
HPGeGMX_Th232,8192,2215,727.2903,63,14.106
HPGeGMX_Th232,8192,2421,794.9470,24,6.645
HPGeGMX_Th232,8192,2621,860.5570,33,11.345
HPGeGMX_Th232,8192,2774,911.2040,168,30.734
HPGeGMX_Th232,8192,2937,964.7660,33,17.764
HPGeGMX_Th232,8192,2950,968.9710,102,20.953
HPGeGMX_Th232,8192,4446,1460.4555,60,19.504
HPGeGMX_Th232,8192,4832,1588.2000,8,5.651
HPGeGMX_Th232,8192,7956,2614.5110,50,21.009
LaBrBril_Eu152,1024,44,121.7817,25554,194.947
LaBrBril_Eu152,1024,88,243.2443,5471,96.132
LaBrBril_Eu152,1024,106,295.9614,1697,6.755
LaBrBril_Eu152,1024,123,344.6348,9268,176.928
LaBrBril_Eu152,1024,217,609.3210,742,5.083
LaBrBril_Eu152,1024,277,778.9666,1606,64.002
LaBrBril_Eu152,1024,308,867.0359,882,31.966
LaBrBril_Eu152,1024,342,964.3180,1248,64.603
LaBrBril_Eu152,1024,384,1086.4080,841,16.038
LaBrBril_Eu152,1024,394,1110.0565,1046,34.432
LaBrBril_Eu152,1024,497,1408.0130,765,49.108
LaBrBril_Eu152,1024,520,1460.8200,773,73.710
LaBrBril_Eu152,1024,621,1764.4910,27,7.842
LaBrBril_Th228,1024,85,238.8582,11196,168.320
LaBrBril_Th228,1024,107,298.2242,1573,23.643
LaBrBril_Th228,1024,125,348.6671,1059,11.374
LaBrBril_Th228,1024,182,510.8154,982,36.774
LaBrBril_Th228,1024,207,583.1870,2159,90.735
LaBrBril_Th228,1024,258,727.3300,474,29.470
LaBrBril_Th228,1024,305,860.5570,514,16.953
LaBrBril_Th228,1024,519,1460.8200,742,64.229
LaBrBril_Th228,1024,562,1588.2000,81,12.995
LaBrBril_Th228,1024,623,1764.4910,52,7.076
LaBrBril_Th228,1024,912,2614.5110,232,53.172
OBS_UGlass,1024,33,50.3341,19552,17.440
OBS_UGlass,1024,86,186.0160,5464,18.134
OBS_UGlass,1024,755,1765.2344,41,19.684
RC101_I131,1024,150,364.0457,29795,704.149
RC101_I131,1024,253,623.7494,698,85.370
RC103_Charoite,1024,79,187.3798,577,16.505
RC103_Charoite,1024,122,295.0377,370,14.954
RC103_Charoite,1024,146,351.7212,392,30.826
RC103_Charoite,1024,244,608.2504,122,25.824
RC103_Charoite,1024,534,1390.5999,14,8.176
RC103_Cs137_0cm,1024,81,198.1145,700,34.064
RC103_Cs137_0cm,1024,267,660.2961,923,135.056
RC103_K40,1024,552,1459.6246,613,106.175
RC103_K40Village,1024,233,598.8146,897,5.127
RC103_K40Village,1024,554,1460.8200,496,117.735
RC103_Lu176,1024,39,88.3400,385,8.669
RC103_Lu176,1024,85,201.8121,1509,99.644
RC103_Lu176,1024,127,306.8430,730,98.493
RC103_Lu176,1024,213,510.9612,8,6.699
RC103_Th232Village,1024,97,238.3713,8387,177.837
RC103_Th232Village,1024,137,337.7977,1850,41.612
RC103_Th232Village,1024,232,584.2982,798,50.903
RC103_Th232Village,1024,941,2614.5110,17,13.463
RC103_Th232WT20,1024,25,60.3116,241951,839.219
RC103_Th232WT20,1024,97,236.2325,90692,394.553
RC103_Th232WT20,1024,136,337.7977,36528,177.707
RC103_Th232WT20,1024,231,584.2982,17502,170.740
RC103_Th232WT20,1024,286,739.3053,6960,11.172
RC103_Th232WT20,1024,940,2614.5110,414,85.590
